"55 year old male found unconscious on the driver side, passenger seat of his car is wife reported that he snorted a line of heroin before just prior to losing Consciousness."
Patient originally presented unresponsive.
"The pail with shallow, ineffective respirations at a rate of about 5, with heart rate, was 118."
His blood pressure was 205.
Over 119 is blood glucose levels 126.
His O2 saturation was nightwear 94 % choir bag mask ventilation with something with the Tosh oxygen.
"However, after 0.25 mg of naloxone intravenously patient is now awake and breathing normally with Improvement, Vital Signs and respiratory status and no longer needs supplemental oxygen."
curl: (28) Failed to connect to bark.phon.ioc.ee port 80: Connection timed out
55 year old man found unconscious.
"Is blood blue, close level 120?"
Heart rate is 72
"Blood glucose level, 120"
Pressure is 120 over 80
"55 year old man,"
Blood pressure is 120 over 80
Heart rate is 72
Gondik region saturation is 95
Blood oxygen:
Play Shanice 98
Saturation
Saturation is 95
Bp 140 over 80
69 year old woman
Bp 140 over 90
"Blood oxygen saturation, 98"
"55 year old male found unconscious driver side, passenger"
Heart rate 118
Blood pressure 205 over 119
curl: (28) Failed to connect to bark.phon.ioc.ee port 80: Connection timed out
O2 saturation 90
Find 25 mg of naloxone
"Lucas level, 120"
Blood glucose
120
Blood
1120
"Blood glucose level, 120"
Lucas
"Hello,"
  0     0    0     0    0     0      0      0 --:--:--  0:01:28 --:--:--     0
"Hello,"
"Hello,"
"Hello,"
"Man,"
55 year old male
55 year old male
Bp 120 over 80
189
55 year old male
Heart rate 72
Bp 120 over 80
"Blood glucose level, 180"
"89 year old, female"
Female
Hundred
Hundred-Year-Old
"85 year old, female"
Bp 120 over 80
Got glucose level 400
134
Heart rate 34
"55 year old male found unconscious on the driver side, passenger seat of his car is wife reported that he snorted a line of heroin before just prior to losing Consciousness."
Patient originally presented unresponsive.
"The pail with shallow, ineffective respirations at a rate of about 5, with heart rate, was 118."
His blood pressure was 205.
Over 119 is blood glucose levels 126.
His O2 saturation was nightwear 94 % choir bag mask ventilation with something with the Tosh oxygen.
"However, after 0.25 mg of naloxone intravenously patient is now awake and breathing normally with Improvement, Vital Signs and respiratory status and no longer needs supplemental oxygen."
"55 year old male found unconscious on the driver side, passenger seat of his car, as wife reported that he snorted a line of heroin before just prior to losing Consciousness."
"Patient originally presented unresponsive, the pail with shallow, ineffective respirations at a rate of about 5"
Ems and fire were dispatched to the behavioral clinic for a 51-year old female complaining of shortness of breath.
"Upon arriving on location, we found the female with Richmond fire department, the patient stated she had not been feeling well since this morning and had shortness of breath."
She said that she had not been feeling well since this morning and it was describing a feeling of chest full this with shortness of breath.
"She stated it felt some more to asthma and acid reflux, but, worse than either of them, she said she had taken."
"She attempted to treatments with her I'll, be there on Haylor 30 minutes before our arrival, but did not gain any relief."
"She also complained of a headache and dizziness patient had no significant cardiac history and her only medical history with asthma, hypertension and behavioral disorders."
The patient was alert and oriented times for answering all questions appropriately.
She was able to speak in full sentences between breaths
"At this time, she decided that she wanted to be transported to VCU hospital to be checked out within assisted her from the wheelchair to the stretcher secured her to the stretcher and transported without incident."
Obici hospital care was transferred to nursing staff upon arrival.
55 year old man found unconscious time in bathroom
55 year old male found unconscious writing in bathroom
"55 year old man,"
Found unconscious
64 year old male found unconscious in bathroom
64 year old man found unconscious in bathroom
55 year old man found unconscious in the bathroom
Bp 160 over 130
100.
150.
Heart rate 150
"dispatch for cardiac arrest , arrived on scene with RFD and EMS to find a 25 -year-old male unresponsive and being ventilated by a home ventilator"
 RPD arrived later . Last known at approximately midnight
 the patient was found unresponsive and called EMS at 02:40
dispatched for cardiac arrest .
 arrived on scene with RFD and EMS to find a 25 -year-old male unresponsive and being ventilated by a home ventilator .
 RPD arrived later . Last known at approximately midnight
 family found the patient unresponsive and called EMS at 02:40
 family denies the patient having cold or flu-like symptoms
 the patient has a history of muscular dystrophy and asthma
 the patient has had a tracheostomy tube since 2013
" unresponsive , pulseless with a GCS of 3"
 the patient is being ventilated on a home ventilator via a tracheostomy tube . Good breath sounds with equal chest rise and fall
 pupils are 4 mm and nonreactive
" Skin is pale , warm and dry"
 lower extremities contracted
 PEG and tracheostomy tube in place
""
""
""
""
um dispatched for cardiac arrest
 patient's blood pressure is 13
""
dispatch for cardiac arrest
 Um patient's blood pressure is 16
 patient is pulses
test
 okay Feb
test
 dispatch for cardiac arrest
""
Hello
 uhm dispatched for CPR
 dispatch for cardiac arrest
 um patient is pulseless
""
""
 cardiac arrest
""
 and looks like it is only getting interventions
dispatched for cardiac arrest
 Um patient is pulseless
 um
 patient's blood pressure is 120
 uhm
""
 patient's blood pressure is high
 Um
dispatched for cardiac arrest
 dispatched for cardiac arrest
""
dispatched for cardiac arrest
 Hello
""
 dispatched for cardiac arrest
 okay .
""
""
dispatched for cardiac arrest
 blood pressure is 160
""
""
""
""
""
dispatched for cardiac arrest
 blood pressure is 160
 dispatch for cardiac arrest
 patient is pulseless
 patient is pulseless okay
""
dispatch for cardiac arrest
 blood pressure is 160
 patient is pulses
 um
 patient has injured
dispatched for cardiac arrest
 patient is female
 blood pressure is 160
""
 pillow
dispatch for cardiac arrest
 blood pressure is 160
 um patient is pulseless
 patient is female
 heart rate is 180
""
""
""
 is working . This is um Yes .
 cystoscopy
test
""
dispatch for cardiac arrest
 testing feedback
""
""
""
 feet background should be um
okay testing
 tach and
 feedback should be there
 feel back
 um
 Suki Feb
""
""
""
""
""
dispatched for cardiac arrest
 patient is pulseless
""
 um
""
""
dispatch for cardiac arrest
 patient is pulseless
disc fashion
""
dispatched for cardiac arrest
disc patch for cardiac arrest
 patient is pulseless
disc um cardiac arrest
 patient is pulseless
 Um blood pressure is um 160
 blood pressures 106
dispatch for cardiac arrest
 dispatched for cardiac arrest
 Patient is pulse
dispatch um cardiac um
 patient is um
 patient is pulseless
dispatched for cardiac arrest
 patient is pulseless
""
 patient is female
is patched for cardiac arrest
 patient pulseless
"dispatch for cardiac arrest , lit"
 yeah complete blood pressure 12
 Um Doctor dictating .
 Um um this um um
" needed , but is um"
" um um um because the intervention is so long , it is over"
 period ] Um
 um visit for uhm Barrett's um
 Um
""
""
 um um because um um it's at least um um um um
dispatch for cardiac arrest . Blood pressure 12
 doesn't seem to get um 120
 blood pressure 12
 120 um
 has
testing um
Hello
um
""
um testing
""
""
""
test flow
""
Hello
""
Hello
55 -year-old male
 blood pressure 120/80
 patient cannot breathe
 his pulseless
 hard time breathing
 the skin looks pale
55 -year-old male
testing
""
"Hello , testing"
""
""
Hello .
""
""
""
""
""
""
test .
Hello
testing
Hello
Hello
Hello
""
low test
""
Hello
 55 -year-old male
 55 -year-old male
""
""
Hello
""
Hello
""
 test
""
""
""
low
 testing
testing
no
period
 Um testing
 testing one to
 55 -year-old male
Hello
55 -year-old male
55 -year-old male
arrived with r.f.d. on scene to find a 56 year old black male Lane
arrived with r.f.d. on scene to find a 56 year old black male
testing
testing
""
testing
""
low
had a
 testing on
Hello
Hello
""
testing
""
Hello
testing one to
testing one two three
Doctor dictating on um
 dictating one
Hello
 testing on
testing one
Hello
Hello
testing one two three
 Hello
Hello
testing one to
testing on
cardiac arrest
""
testing one two three
Hello l y u
55 -year-old male found noncontrast
55 -year-old man found nonconscious
55 -year-old male found noncontrast
55 -year-old male found unconscious
55 -year-old male found unconscious
55 um
55 -year-old male
testing one
55 -year-old male
55 -year-old male found unconscious
testing one two three
testing one two three four five
55 -year-old male found unconscious
 blood pressure 120/80
 heart rate is 50
55 -year-old male found unconscious
55 year old male found unconscious on the driver side passenger seat of his car is wife reported that he snorted a line of heroin before just prior to losing Consciousness patient originally presented unresponsive the pail with shallow ineffective respirations at a rate of about 5 with heart rate was 118 his blood pressure was 205 over 119 is blood glucose levels 126 his O2 saturation was nightwear 94% choir bag mask ventilation with something with the Tosh oxygen however after 0.25 mg of naloxone intravenously patient is now awake and breathing normally with Improvement Vital Signs and respiratory status and no longer needs supplemental oxygen
dispatch for 35 year old female complaining of abdominal pain we found her sitting out front of her home sitting on the the front steps with alert and oriented times 3 mean good color for plenty of stabbing pain from her navel down to reputed region and Associate Naja she's currently pregnant for the 7th time for what she had for Life person two miscarriages she doesn't she does not say how far along she actually is in her pregnancy
 patient denies any chest pain alcohol or drug use her lung sounds are clear her Vital Signs include a heart rate of 82 respiratory rate of 18 a blood pressure of 118 over 72 and Glasgow Coma score 15 she has oxygen saturation of 100% And is complaining of pain at a rate of 8 out of 10 each other than that she has a clear electrocardiogram show a normal sinus rhythm without signs of ischemia
EMS and fire were dispatched to the behavioral clinic for a 51-year old female complaining of shortness of breath upon arriving on location we found the female with Richmond fire department the patient stated she had not been feeling well since this morning and had shortness of breath she said that she had not been feeling well since this morning and it was describing a feeling of chest full this with shortness of breath she stated it felt some more to asthma and acid reflux but worse than either of them she said she had taken she attempted to treatments with her I'll be there on Haylor 30 minutes before our arrival but did not gain any relief she also complained of a headache and dizziness patient had no significant cardiac history and her only medical history with asthma hypertension and behavioral disorders the patient was alert and oriented times for answering all questions appropriately she was able to speak in full sentences between breaths
 upon auscultation of lungs sound play sound of wheezing in all quadrants a 12-lead was performed and showed no ectopy and sinus rhythm she was also placed on intitle monitoring after hearing the wheezing when she was given to duoneb treatment being nebulizer
 at this time she decided that she wanted to be transported to VCU hospital to be checked out with an assistant her from the wheelchair to the stretcher secured her to the stretcher and transported without incident to VCU hospital care was transferred to nursing staff upon arrival
""
55 year old male found unconscious on the driver side passenger seat of his car is wife reported that he snorted a line of heroin before just prior to losing Consciousness patient originally presented unresponsive the pail with shallow ineffective respirations at a rate of about 5 with heart rate was 118 his blood pressure was 205 over 119 is blood glucose levels 126 his O2 saturation was nightwear 94% choir bag mask ventilation with something with the Tosh oxygen however after 0.25 mg of naloxone intravenously patient is now awake and breathing normally with Improvement Vital Signs and respiratory status and no longer needs supplemental oxygen
55 year old male found unconscious on the driver side passenger seat of his car is wife reported that he snorted a line of heroin before just prior to losing Consciousness patient originally presented unresponsive the pail with shallow ineffective respirations at a rate of about 5 with heart rate was 118 his blood pressure was 205 over 119 is blood glucose levels 126 his O2 saturation was nightwear 94% choir bag mask ventilation with something with the Tosh oxygen however after 0.25 mg of naloxone intravenously patient is now awake and breathing normally with Improvement Vital Signs and respiratory status and no longer needs supplemental oxygen
EMS and fire were dispatched to the behavioral clinic for a 51-year old female complaining of shortness of breath upon arriving on location we found the female with Richmond fire department the patient stated she had not been feeling well since this morning and had shortness of breath she said that she had not been feeling well since this morning and it was describing a feeling of chest full this with shortness of breath she stated it felt some more to asthma and acid reflux but worse than either of them she said she had taken she attempted to treatments with her I'll be there on Haylor 30 minutes before our arrival but did not gain any relief she also complained of a headache and dizziness patient had no significant cardiac history and her only medical history with asthma hypertension and behavioral disorders the patient was alert and oriented times for answering all questions appropriately she was able to speak in full sentences between breaths
 upon auscultation of lungs sound play sound of wheezing in all quadrants a 12-lead was performed and showed no ectopy and sinus rhythm she was also placed on intitle monitoring after hearing the wheezing when she was given to duoneb treatment being nebulizer
 at this time she decided that she wanted to be transported to VCU hospital to be checked out with an assistant her from the wheelchair to the stretcher secured her to the stretcher and transported without incident to VCU hospital care was transferred to nursing staff upon arrival
""
dispatch for 35 year old female complaining of abdominal pain we found her sitting out front of her home sitting on the the front steps with alert and oriented times 3 mean good color for plenty of stabbing pain from her navel down to reputed region and Associate Naja she's currently pregnant for the 7th time for what she had for Life person two miscarriages she doesn't she does not say how far along she actually is in her pregnancy
55 year old male found unconscious on the driver side passenger seat of his car is wife reported that he snorted a line of heroin before just prior to losing Consciousness patient originally presented unresponsive the pail with shallow ineffective respirations at a rate of about 5 with heart rate was 118 his blood pressure was 205 over 119 is blood glucose levels 126 his O2 saturation was nightwear 94% choir bag mask ventilation with something with the Tosh oxygen however after 0.25 mg of naloxone intravenously patient is now awake and breathing normally with Improvement Vital Signs and respiratory status and no longer needs supplemental oxygen
55 year old male found unconscious on the driver side passenger seat of his car is wife reported that he snorted a line of heroin before just prior to losing Consciousness patient originally presented unresponsive the pail with shallow ineffective respirations at a rate of about 5 with heart rate was 118 his blood pressure was 205 over 119 is blood glucose levels 126 his O2 saturation was nightwear 94% choir bag mask ventilation with something with the Tosh oxygen however after 0.25 mg of naloxone intravenously patient is now awake and breathing normally with Improvement Vital Signs and respiratory status and no longer needs supplemental oxygen
""
""
EMS and fire were dispatched to the behavioral clinic for a 51-year old female complaining of shortness of breath upon arriving on location we found the female with Richmond fire department the patient stated she had not been feeling well since this morning and had shortness of breath she said that she had not been feeling well since this morning and it was describing a feeling of chest full this with shortness of breath she stated it felt some more to asthma and acid reflux but worse than either of them she said she had taken she attempted to treatments with her I'll be there on Haylor 30 minutes before our arrival but did not gain any relief she also complained of a headache and dizziness patient had no significant cardiac history and her only medical history with asthma hypertension and behavioral disorders the patient was alert and oriented times for answering all questions appropriately she was able to speak in full sentences between breaths
 upon auscultation of lungs sound play sound of wheezing in all quadrants a 12-lead was performed and showed no ectopy and sinus rhythm she was also placed on intitle monitoring after hearing the wheezing when she was given to duoneb treatment being nebulizer
 at this time she decided that she wanted to be transported to VCU hospital to be checked out with an assistant her from the wheelchair to the stretcher secured her to the stretcher and transported without incident to VCU hospital care was transferred to nursing staff upon arrival
""
dispatch for 35 year old female complaining of abdominal pain we found her sitting out front of her home sitting on the the front steps with alert and oriented times 3 mean good color for plenty of stabbing pain from her navel down to reputed region and Associate Naja she's currently pregnant for the 7th time for what she had for Life person two miscarriages she doesn't she does not say how far along she actually is in her pregnancy
 patient denies any chest pain alcohol or drug use her lung sounds are clear her Vital Signs include a heart rate of 82 respiratory rate of 18 a blood pressure of 118 over 72 and Glasgow Coma score 15 she has oxygen saturation of 100% And is complaining of pain at a rate of 8 out of 10 each other than that she has a clear electrocardiogram show a normal sinus rhythm without signs of ischemia
we were dispatched to the residence along with Richmond fire department for breathing problem we arrived on scene to find an 89 year old female conscious and breathing who is being walked out to the ambulance by Richmond fire department at this time there were no obvious signs of distress or me like threat the patient complaint was complaining of shortness of breath that started of approximately 1900 this evening she stated she has a history of asthma and gave herself to breathing treatment since the onset she denies any other symptoms or pain she was a provide a past medical history medications and allergies as listed as far as a medical assessment goes the patient was alert and oriented times for the GCS of 15 with Peyton Airway skin was pink warm and dry she had no major other abnormalities noted her lung sounds are clear and equal bilaterally
 her vitals were as follows heart rate 99 respiratory rate 30 blood pressure 186 over 87 GCS of 15 and 96% on room air a 12-lead was also done with no major abnormalities noted continue to monitor reassessed until our arrival at the hospital where Cara transfer the nursing staff
dispatch for 35 year old female complaining of abdominal pain we found her sitting out front of her home sitting on the the front steps with alert and oriented times 3 mean good color for plenty of stabbing pain from her navel down to reputed region and Associate Naja she's currently pregnant for the 7th time for what she had for Life person two miscarriages she doesn't she does not say how far along she actually is in her pregnancy
 patient denies any chest pain alcohol or drug use her lung sounds are clear her Vital Signs include a heart rate of 82 respiratory rate of 18 a blood pressure of 118 over 72 and Glasgow Coma score 15 she has oxygen saturation of 100% And is complaining of pain at a rate of 8 out of 10 each other than that she has a clear electrocardiogram show a normal sinus rhythm without signs of ischemia
we're dispatch for an adult female complaining of chest pain that sort of approximately 15 minutes prior to our arrival we found her in her bedroom laying on laying on her back she did not appear to be any in any acute distress and choosing could color without any increase work of breathing she described the pain of sharp constant substernal localized and non radiating and reproducible to palpation the pain is also works on inspiration she says the pain is at about 10 out of 10 patient currently denies any Associates symptoms such as nausea trauma pregnancy or difficulty breathing however patient does have a history of deep vein thrombosis he's in her legs for which is currently taking Lovenox
 patient is currently in good color breathing normally except she's a mildly anxious or at least appears to be aspirin was not administered due to the patient's known allergy her vital signs were as follows she had a 12 we've performed showing no stemi and a normal sinus rhythm without any other ectopy her blood pressure is 126 over 77 she is a GCS of 15 blood glucose of 82 oxygen saturation of 100 respirator respirations are 18 times a minute with a heart rate of 58 and Ivy has been established and a lot with normal saline and that's it
dispatch for 35 year old female complaining of abdominal pain we found her sitting out front of her home sitting on the the front steps with alert and oriented times 3 mean good color for plenty of stabbing pain from her navel down to reputed region and Associate Naja she's currently pregnant for the 7th time for what she had for Life person two miscarriages she doesn't she does not say how far along she actually is in her pregnancy
 patient denies any chest pain alcohol or drug use her lung sounds are clear her Vital Signs include a heart rate of 82 respiratory rate of 18 a blood pressure of 118 over 72 and Glasgow Coma score 15 she has oxygen saturation of 100% And is complaining of pain at a rate of 8 out of 10 each other than that she has a clear electrocardiogram show a normal sinus rhythm without signs of ischemia
dispatch for 35 year old female complaining of abdominal pain we found her sitting out front of her home sitting on the the front steps with alert and oriented times 3 mean good color for plenty of stabbing pain from her navel down to reputed region and Associate Naja she's currently pregnant for the 7th time for what she had for Life person two miscarriages she doesn't she does not say how far along she actually is in her pregnancy
 patient denies any chest pain alcohol or drug use her lung sounds are clear her Vital Signs include a heart rate of 82 respiratory rate of 18 a blood pressure of 118 over 72 and Glasgow Coma score 15 she has oxygen saturation of 100% And is complaining of pain at a rate of 8 out of 10 each other than that she has a clear electrocardiogram show a normal sinus rhythm without signs of ischemia
we were dispatched for a possible overdose arrived on scene to find the patient unresponsive in the west lateral recumbent position and is found by by standards on the sidewalk they said they initially found him unresponsive and vomiting he became alert after painful stimuli induce vomiting once while transport was able to maintain his own Airway he had a normal medical exam except for his Ward oriented status he was not a word ornery in it during transport is GCS was 10 he was placed on the stretcher and seat-belted in cardiac monitor was placed he was inside a sack with no major abnormalities noted vital signs were as follows post 110 respiration 16 blood pressure 122 over 67 GTX 10 glucose 89 spo2 94% of whom are paying 0
 18 gauge IV was established in the left AC with a saline lock the patient started to become combative for strength replacing the upper extremities you would transport Avicii you were Medical Care was turned over to the staff
dispatch for 35 year old female complaining of abdominal pain we found her sitting out front of her home sitting on the the front steps with alert and oriented times 3 mean good color for plenty of stabbing pain from her navel down to reputed region and Associate Naja she's currently pregnant for the 7th time for what she had for Life person two miscarriages she doesn't she does not say how far along she actually is in her pregnancy
 patient denies any chest pain alcohol or drug use her lung sounds are clear her Vital Signs include a heart rate of 82 respiratory rate of 18 a blood pressure of 118 over 72 and Glasgow Coma score 15 she has oxygen saturation of 100% And is complaining of pain at a rate of 8 out of 10 each other than that she has a clear electrocardiogram show a normal sinus rhythm without signs of ischemia
I'm more than happy to trade off with you
 dispatch for chest pain around to find a 57 year old female 5 7 year old female who is alert and oriented on her front porch waiting for EMS patient complains of a tingling sensation and that is radiating towards her left arm just a complains of a non productive cough and generalized body aches she raised her discomfort at are at around two out of ten patient also has a reason diagnosis is bronchitis but denies shortness of breath and appalling assessment her lung sounds are clear 12 lead ECG showed a heart rate of 106 sinus tachycardia with outside of ischemia vs. stemi she's rest pretty 18 times a minute a blood pressure is 163 over 81 Glasgow Coma score 15 pulse pulse ox is 100 and she has been given 324 mg of aspirin
dispatch for male day possibly having seizures we arrived on scene to find our patient sitting upright on the commode he was awake but not responding normally had a Glasgow Coma score of about 14 for the mother patient has a seizure history and looks in his presenting today as if he's postictal / her this is roughly normal for how he looks in those situations he's recently diagnosed with a UTI and it's on medication for that starting yesterday and unknown antibiotic she couldn't find it he has a history of seizures bipolar disorder and autism for which she is normally able to communicate normally and was currently unable to do so however
 patient has a slight fever but vital signs are otherwise unremarkable with a heart rate of 90 respirations is 16 blood pressure is 139 over 82 Glasgow Coma score 14 blood glucose of 150 + oxygen saturation of 98% on room air other than that it's just still altered mental status but not add any active seizure activity and will be at the hospital in 5 minutes or so
we were dispatched for a possible overdose arrived on scene to find the patient unresponsive in the west lateral recumbent position and is found by by standards on the sidewalk they said they initially found him unresponsive and vomiting he became alert after painful stimuli induce vomiting once while transport was able to maintain his own Airway he had a normal medical exam except for his Ward oriented status he was not a word ornery in it during transport is GCS was 10 he was placed on the stretcher and seat-belted in cardiac monitor was placed he was inside a sack with no major abnormalities noted vital signs were as follows post 110 respiration 16 blood pressure 122 over 67 GTX 10 glucose 89 spo2 94% of whom are paying 0
 18 gauge IV was established in the left AC with a saline lock the patient started to become combative for strength replacing the upper extremities you would transport Avicii you were Medical Care was turned over to the staff
we were dispatched to the residence along with Richmond fire department for breathing problem we arrived on scene to find an 89 year old female conscious and breathing who is being walked out to the ambulance by Richmond fire department at this time there were no obvious signs of distress or me like threat the patient complaint was complaining of shortness of breath that started of approximately 1900 this evening she stated she has a history of asthma and gave herself to breathing treatment since the onset she denies any other symptoms or pain she was a provide a past medical history medications and allergies as listed as far as a medical assessment goes the patient was alert and oriented times for the GCS of 15 with Peyton Airway skin was pink warm and dry she had no major other abnormalities noted her lung sounds are clear and equal bilaterally
 her vitals were as follows heart rate 99 respiratory rate 30 blood pressure 186 over 87 GCS of 15 and 96% on room air a 12-lead was also done with no major abnormalities noted continue to monitor reassessed until our arrival at the hospital where Cara transfer the nursing staff
dispatch for male day possibly having seizures we arrived on scene to find our patient sitting upright on the commode he was awake but not responding normally had a Glasgow Coma score of about 14 for the mother patient has a seizure history and looks in his presenting today as if he's postictal / her this is roughly normal for how he looks in those situations he's recently diagnosed with a UTI and it's on medication for that starting yesterday and unknown antibiotic she couldn't find it he has a history of seizures bipolar disorder and autism for which she is normally able to communicate normally and was currently unable to do so however
 patient has a slight fever but vital signs are otherwise unremarkable with a heart rate of 90 respirations is 16 blood pressure is 139 over 82 Glasgow Coma score 14 blood glucose of 150 + oxygen saturation of 98% on room air other than that it's just still altered mental status but not add any active seizure activity and will be at the hospital in 5 minutes or so
""
"55 years , then found unconscious , lying in the bathroom . Um no pulse detected . He is having trouble breathing . His skin looks pale"
 had
"55 -year-old male found unconscious , lying on the bathroom . He is having hard time breathing . His skin looks pale . Blood pressure is 180/90 . Heart rate is 50"
55 -year-old male found unconscious . He is having hard time breathing
""
55 -year-old male found unconscious
 is heart rate is 50
EMS and fire were dispatched to the behavioral clinic for a 51-year old female complaining of shortness of breath upon arriving on location we found the female with Richmond fire department the patient stated she had not been feeling well since this morning and had shortness of breath she said that she had not been feeling well since this morning and it was describing a feeling of chest full this with shortness of breath she stated it felt some more to asthma and acid reflux but worse than either of them she said she had taken she attempted to treatments with her I'll be there on Haylor 30 minutes before our arrival but did not gain any relief she also complained of a headache and dizziness patient had no significant cardiac history and her only medical history with asthma hypertension and behavioral disorders the patient was alert and oriented times for answering all questions appropriately she was able to speak in full sentences between breaths
 upon auscultation of lungs sound play sound of wheezing in all quadrants a 12-lead was performed and showed no ectopy and sinus rhythm she was also placed on intitle monitoring after hearing the wheezing when she was given to duoneb treatment being nebulizer
 at this time she decided that she wanted to be transported to VCU hospital to be checked out with an assistant her from the wheelchair to the stretcher secured her today
55 -year-old male found unconscious
 heart rate 150
""
55 -year-old male found unconscious
55 -year-old male found unconscious
 having difficulty breathing
 Skin looks pale
 heart rate is 40
 blood pressure 80/40
 cardiac arrest
"55 -year-old male found unconscious , lying on the bathroom . His heart rate is 50 . His blood rate is fundrant for 50/80"
""
""
55 -year-old male found unconscious
" , heart rate is 120"
test
""
""
" dispatch for cardiac arrest . arrived on seen with RSD and EMS one to find 25 -year-old male , unresponsive and being ventilated by home ventilator"
" RPD arrived later last known well at approximately midnight . Family found patient unresponsive and called EMS at 02:40 . Family denies . Patient having cold or flu-like systems . History of muscular dystrophy and asthma . Patient has had tracheostomy tubes since 2030 . Unresponsive , pulseless with GCS of 3 . Initiating CPR"
""
""
" , 30"
 attach- indefib pads
""
""
""
"dispatched for cardiac arrest , arrived on seen with RFD and EMS one to find 25 year old male , unresponsive and been ventilated by home ventilator . RPD arrived later . Last known well at approximately midnight . Family found off unresponsive and cold EMS at 02 um 40"
 family denies of having cold or flu-like symptoms . History of muscular dystrophy and asthma
 head
" , tracheostomy tube since 2013 , unresponsive , pulseless with GCS of 3 . Patient been ventilated on home ventilator via tracheas- tracheostomy tube . Good breath sounds with equal chest rise and fall . Pupils 4 mm and nonreactive . Skin pale , warm and dry . Lower extremities , contracted p e g n tracheostomy tube in place . Starting CPR"
""
""
35
""
 attaching D5 flat
""
""
number
" dispatched for cardiac arrest . Um I wouldn't seen with RFD and EMS one to find te- 25-year old male unresponsive and been ventilated by home ventilator . RPD arrived later . Last known well at approximately midnight . Family found patient unresponsive and called EMS and 240 . Family denies patient having cold or flu-like symptoms . History of muscular dystrophy and asthma . Patient had tracheostomy tube since 2013 . Unresponsive , pulseless with GCS of 3 . Patient been ventilated on home ventilator via trachiotomy tube . Good breath sounds with equal chest and chest rise and fall . Pupils 4 mm and unreactive . Skin pale , warm and dry . Lower extremities , contracted p e g and tracheostomy tube in"
""
 starting CPR .
""
30 se- 37 compressions
 attention deficits
""
55 year old male found unconscious on the driver side passenger seat of his car is wife reported that he snorted a line of heroin before just prior to losing Consciousness patient originally presented unresponsive the pail with shallow ineffective respirations at a rate of about 5 with heart rate was 118 his blood pressure was 205 over 119 is blood glucose levels 126 his O2 saturation was nightwear 94% choir bag mask ventilation with something with the Tosh oxygen however after 0.25 mg of naloxone intravenously patient is now awake and breathing normally with Improvement Vital Signs and respiratory status and no longer needs supplemental oxygen
EMS and fire were dispatched to the behavioral clinic for a 51-year old female complaining of shortness of breath upon arriving on location we found the female with Richmond fire department the patient stated she had not been feeling well since this morning and had shortness of breath she said that she had not been feeling well since this morning and it was describing a feeling of chest full this with shortness of breath she stated it felt some more to asthma and acid reflux but worse than either of them she said she had taken she attempted to treatments with her I'll be there on Haylor 30 minutes before our arrival but did not gain any relief she also complained of a headache and dizziness patient had no significant cardiac history and her only medical history with asthma hypertension and behavioral disorders the patient was alert and oriented times for answering all questions appropriately she was able to speak in full sentences between breaths
 upon auscultation of lungs sound play sound of wheezing in all quadrants a 12-lead was performed and showed no ectopy and sinus rhythm she was also placed on intitle monitoring after hearing the wheezing when she was given to duoneb treatment being nebulizer
 at this time she decided that she wanted to be transported to VCU hospital to be checked out with an assistant her from the wheelchair to the stretcher secured her to the stretcher and transported without incident to VCU hospital care was transferred to nursing staff upon arrival
""
EMS and fire were dispatched to the behavioral clinic for a 51-year old female complaining of shortness of breath upon arriving on location we found the female with Richmond fire department the patient stated she had not been feeling well since this morning and had shortness of breath she said that she had not been feeling well since this morning and it was describing a feeling of chest full this with shortness of breath she stated it felt some more to asthma and acid reflux but worse than either of them she said she had taken she attempted to treatments with her I'll be there on Haylor 30 minutes before our arrival but did not gain any relief she also complained of a headache and dizziness patient had no significant cardiac history and her only medical history with asthma hypertension and behavioral disorders the patient was alert and oriented times for answering all questions appropriately she was able to speak in full sentences between breaths
 upon auscultation of lungs sound play sound of wheezing in all quadrants a 12-lead was performed and showed no ectopy and sinus rhythm she was also placed on intitle monitoring after hearing the wheezing when she was given to duoneb treatment being nebulizer
 at this time she decided that she wanted to be transported to VCU hospital to be checked out with an assistant her from the wheelchair to the stretcher secured her to the stretcher and transported without incident to VCU hospital care was transferred to nursing staff upon arrival
""
EMS and fire were dispatched to the behavioral clinic for a 51-year old female complaining of shortness of breath upon arriving on location we found the female with Richmond fire department the patient stated she had not been feeling well since this morning and had shortness of breath she said that she had not been feeling well since this morning
dispatch for male day possibly having seizures we arrived on scene to find our patient sitting upright on the commode he was awake but not responding normally had a Glasgow Coma score of about 14 for the mother patient has a seizure history and looks in his presenting today as if he's postictal / her this is roughly normal for how he looks in those situations he's recently diagnosed with a UTI and it's on medication for that starting yesterday and unknown antibiotic she couldn't find it he has a history of seizures bipolar disorder and autism for which she is normally able to communicate normally and was currently unable to do so however
 patient has a slight fever but vital signs are otherwise unremarkable with a heart rate of 90 respirations is 16 blood pressure is 139 over 82 Glasgow Coma score 14 blood glucose of 150 + oxygen saturation of 98% on room air other than that it's just still altered mental status but not add any active seizure activity and will be at the hospital in 5 minutes or so
I'm more than happy to trade off with you
 dispatch for chest pain around to find a 57 year old female 5 7 year old female who is alert and oriented on her front porch waiting for EMS patient complains of a tingling sensation and that is radiating towards her left arm just a complains of a non productive cough and generalized body aches she raised her discomfort at are at around two out of ten patient also has a reason diagnosis is bronchitis but denies shortness of breath and appalling assessment her lung sounds are clear 12 lead ECG showed a heart rate of 106 sinus tachycardia with outside of ischemia vs. stemi she's rest pretty 18 times a minute a blood pressure is 163 over 81 Glasgow Coma score 15 pulse pulse ox is 100 and she has been given 324 mg of aspirin
adult female with abdominal pain and we we found sitting up alert and oriented and no apparent distress or a little distressed rather in her living room she found her in good color and into that extremity she complains of abdominal pain that began the day before and has since been increasing in severity and she describes the pain is cramping
 and she writes the pain at a seven out of ten patient endorses both nausea and vomiting but denies chest pain and shortness of breath should not as Hemet Hemet to miss this entire area or Vital Signs follows she has a heart rate of 86 respiratory rate of 18 blood pressure is 193 over 77 and she's learning wine of the Glasgow Coma score 15 blood glucose level of 147 her pulse ox is Ox is 97% on room air her 12-lead should sinus rhythm with outstanding or other ectopy we've initiated an IV given a saline bolus and formula of ondansetron and with a company Improvement in patient condition
97 year old female complaining of General malaise weakness and altered mental status patient is initially include color and not in any apparent distress when found at her home with her family family reports to the patient had been vomiting since that morning without abdominal pain patients still nauseated and occasionally vomiting mucus by this point without any food stuff she is an unable to eat since the day before they she is too weak to ambulate under her own power but she denies chest pain shortness of breath diarrhea and or headache she does not seem to know exactly what's going on around her with a GCS of 14 but I've been at her vital signs are as follows heart rate of 76 respiratory rate of 16 blood pressure is 161 over 94 GCS 14 blood glucose unattainable for some reason pulse ox of 97 other than that IV attempt was unsuccessful and patient is
 going to be transported position of care I guess
we were dispatched to the residence along with Richmond fire department for breathing problem we arrived on scene to find an 89 year old female conscious and breathing who is being walked out to the ambulance by Richmond fire department at this time there were no obvious signs of distress or me like threat the patient complaint was complaining of shortness of breath that started of approximately 1900 this evening she stated she has a history of asthma and gave herself to breathing treatment since the onset she denies any other symptoms or pain she was a provide a past medical history medications and allergies as listed as far as a medical assessment goes the patient was alert and oriented times for the GCS of 15 with Peyton Airway skin was pink warm and dry she had no major other abnormalities noted her lung sounds are clear and equal bilaterally
 her vitals were as follows heart rate 99 respiratory rate 30 blood pressure 186 over 87 GCS of 15 and 96% on room air a 12-lead was also done with no major abnormalities noted continue to monitor reassessed until our arrival at the hospital where Cara transfer the nursing staff
""
""
EMS and fire dispatched to the behavioral clinic for a 51 -year-old male complaining of shortness of breath
" upon arriving on location , we found the female with treatment prior department and the patient stated she had not been feeling well since this morning and she had shortness of breath"
 she said that she had not feeling well since this morning . It was described being a feeling of chest fullness with shortness of breath
" she said it felt similar to asthma and acid reflux , but worse than either of them"
""
EMS and fire discussed to the behavior clinic for 50 and a year-old female complaining of chest pain
 she complains of shortness of breath
 she decided similar to asthma and decided to reflux
"MSN five um discharge for the behavior , chronic"
 51 -year-old female complaining of chest pain
 shortness of breath
EMS and father were dispatched to the behavioral clinic for a 51 -year-old female complaining of shortness of breath
""
EMS and five were dispatched to the behavior of her screening for a 51 -year-old female complaining of shortness of breath
" she said that it she had not been feeling well since this morning and that it was describing a feeling of chest fullness at child , shortness of breath"
 sh-
" she stated that it felt similar to asthma and acid reflux , but worse than either of them"
 only found wheezing in all quadrants . A 12-lead was performed and showed no ectopy and sinus rhythm was also
"dispatch for chest pain , arrived upon a 57 -year-old female who is alert and oriented on her front porch , waiting for EMS"
 patient complains of a tingling sensation in her chest that is radiating towards her left arm
 she also complains of a nonproductive cough and generalized body aches
 she rates um discomfort at around 2/10
 patient also had a recent diagnosis of bronchitis
 heart rate 106
""
" , blood pressure 163/81"
 the last um [ comma ] school 15
 Glasgow Coma school
""
 GCS of 15
""
"Dispatched for chest pain arrived upon a 57 -year-old female who is alert and oriented on her front post , waiting for EMS patient complaints um for tingling sensation in her chest that is radiating towards her left arm"
 She also complains of a nonproductive cough and a generalized body aches
""
"dispatch for chest pain , arrived upon a 57 -year-old female who is alert and oriented on her front porch"
""
""
""
""
""
dispatch for chest pain arriving upon a 57 -year-old female
""
"dispatch for chest pain , arrived upon a 57 -year-old female who is alert and oriented on her front porch waiting for EMS . Patient complains of a tingling sensation in her chest that is radiating towards her left arm"
""
"dispatch for chest pain , arrived upon a 57 -year-old female who is alert and oriented on her front pouch , waiting for EMS"
""
""
"dispatch for chest pain , arrived upon a 57 -year-old female"
""
dispatch for chest pain
""
""
]
""
""
""
 chest pain
""
"dispatch for chest pain , arrived upon a 57 -year-old female"
""
dispatch for chest pain upon um 57 -year-old female who is alert and oriented on her front porch waiting for EMS
""
"dispatch for chest pain , arrived upon a 57 -year-old female who is alert and oriented"
 She also complains of um nonproductive cough
 she complains of a tingling sensation in her chest that is radiating towards her left arm
 Hello
""
dispatch for chest pain upon 57 -year-old female who is alert and oriented
"dispatch for chest pain , arrived upon a 57 -year-old female who is alert and oriented on her front watch"
"dispatch forward chest pain , arrived upon um 57 -year-old female who is alert and oriented"
"dispatch for chest pain , arriving upon her 57 -year-old female"
 she also complains of a nonproductive cough
""
"dispatch for chest pain , 51 -year-old woman"
""
place for cardiac arrest
""
dispatch for cardiac arrest
dizziness
"Risperdal , cardiac arrest"
""
despite for a cardiac arrest
 she complains of shortness of breath
dispatch for cardiac arrest
""
""
 complains of shortness of breath
 feeling of asthma and acid reflux
""
""
""
""
 EMS and fire dispatch to the behavioral clinic for 51 -year-old female complaining of shortness of breath
" upon arrival on Location , we found the female with regimen prior department"
 the patient stated she had not been feeling well since this morning and had shortness of breath . She said that she had a feeling of chest fullness and shortness of breath
" she stated that it failed similar to Asthma and received reflux , but was then both of them"
 found wheezing in all four quadrants
""
EMS and fire dispatch to the behavioral clinic for a 51 -year-old female complaining of shortness of breath
" She said that sh- it felt similar to asthma and acid reflux , but worse than all of them"
" Um we found wheezing in Nov 1 ,"
""
 . Patient also complains of a tingling sensation in her chest that is radiating towards of her left left arm
 cardiac arrest suspected
"dispatch for chest pain , um arrived upon 57 -year-old female who is alert and oriented on her front porch"
 patient complains of a tingling sensation on her chest that is radiating towards her left arm
He is managed for chest pain on arrival upon a 57 um -year-old female
"dispatch for chest pain , arrived upon a 57 -year-old female"
""
""
dispatch for chest pain
mismatch for chest pain
""
dispatch for cardiac arrest
""
""
dispatch for cardiac arrest
dismissed for cardiac arrest
 51 -year-old female
left test
 risk factor for cardiac arrest
dispatch for cardiac arrest
dispatch for cardiac arrest
 51 -year-old female
EMS and father were dispatched
EMS and fire dispatch to 51 -year-old female who complaining of shortness of breath
"EMS and five , respect to 51 -year-old female complaining of chest pain"
 she mentioned a tingling sensation radiating from her arm to the chest
 She is having a hard time breathing and feeding heavy
56 -year-old female complaining of shortness of breath
EMS and fire dispatch show 51 nasal female complaining of shortness of breath
""
""
""
""
showed EMS and fire dispatch to 51 -year-old female complaining of chest pain
 next patient
 hystere
55 -year-old female found unconscious
""
""
55 -year-old female found unconscious
""
55 -year-old female found unconscious
