Required Concept,CUI,Preferred Name,
pain severity,C1507013,Pain severity,
,C4085211,Pain Distress Question,
,C1508023,pain severity reported,
,C1508029,Pain severity:Score:Pt:^Patient:Qn:Reported.visual analog score,
,C1508030,Pain severity.total:Score:Pt:^Patient:Qn:Observed.FLACC,
,C1508031,Pain severity.face:Find:Pt:^Patient:Ord:Observed.FLACC,
,C1508032,Pain severity.legs:Find:Pt:^Patient:Ord:Observed.FLACC,
,C1508033,Pain severity.activity:Find:Pt:^Patient:Ord:Observed.FLACC,
,C1508034,Pain severity.cry:Find:Pt:^Patient:Ord:Observed.FLACC,
,C1508035,Pain severity.consolability:Find:Pt:^Patient:Ord:Observed.FLACC,
,C2073281,chest pain increasing in severity,
,C2233590,severity of flank pain,
,C2367760,pain severity quantified,
,C2735093,Pain severity descriptive category:Arbitrary:Point in time:^Patient:Ordinal,
,C2735094,Pain severity descriptive category,
,C2736105,Pain severity:Find:Pt:^Patient:Ord:Reported.FPS-R,
,C2737163,Pain severity in last 5D,
,C3173431,Pain severity:Score:Pt:^Patient:Qn:PhenX,
,C3539022,pelvic pain decreasing in severity,
,C3539889,pelvic pain increasing in severity,
,C3641836,Average Severity of Pain,
,C3642057,GCGI - Global Severity of Pain,
,C3829851,HAQ-DI With VAS - Severity of Pain in the Past Week,
,C3853784,Pain severity:Finding:Point in time:^Patient:Ordinal:Reported,
,C4068797,Pain severity 0-10,
pain jaw,C0236000,Jaw pain,
,C2015951,outcomes otolaryngology: jaw pain,
,C0239064,Jaw claudication,
,C1390558,upper jaw, pain
,C1960980,Pain radiating to jaw,
,C2032377,pain in left side of jaw,
,C2032447,pain in right side of jaw,
,C2073345,chest pain radiating to jaw,
,C2095088,ENT goal to alleviate jaw pain,
,C2108444,jaw pain during exercise,
,C2702700,pain in jaw both sides,
,C4526738,Extent Have Pain in Jaw,
,C2144731,tooth pain in left lower jaw,
,C2144734,tooth pain in left upper jaw,
,C2144738,tooth pain in right lower jaw,
,C2144741,tooth pain in right upper jaw,
,C3843619,Pain in the jaw joint or in front of the ear,
,C2095206,ENT procedure possible limitations and risks discussed include residual jaw pain,
,C2095216,ENT procedure possible limitations and risks discussed include worsened jaw pain,
,C2144732,tooth pain in posterior left lower jaw,
,C2144733,tooth pain in anterior left lower jaw,
,C2144735,tooth pain in posterior left upper jaw,
,C2144736,tooth pain in anterior left upper jaw,
,C2144739,tooth pain in posterior right lower jaw,
,C2144740,tooth pain in anterior right lower jaw,
constipation,C0009806,Constipation,
,C1963087,Constipation Adverse Event,
,C3641755,Have Constipation,
,C4084722,How Often Constipation,
,C4084723,How Much Distress Constipation,
,C4084724,Usual Severity Constipation,
,C0150019,Simple constipation,
,C0221152,Obstipation,
,C0341559,Psychogenic constipation,
,C0401146,Constipation - functional,
,C0401148,Acute constipation,
,C0401149,Chronic constipation,
,C0513209,Monitor for constipation,
,C0729262,Slow transit constipation,
,C0856088,Constipation aggravated,
,C0857123,Iatrogenic constipation,
,C0943868,Constipation:Find:Pt:Gastrointestinal system:Ord:Observed.CCC,
,C0948179,Postoperative constipation,
,C0948532,Constipation prophylaxis,
,C0949135,Other constipation,
,C1268622,At risk for constipation,
,C1300313,Constipation care,
,C1393778,Constipation due to neurogenic bowel,
,C1855664,Severe constipation,
,C2094353,nursing care: nutrition monitoring bowel movement constipation,
agitation,C0085631,Agitation,
,C1963060,Agitation Adverse Event,
,C0235010,Muscular unrest,
,C0235844,Neonatal agitation,
,C0302807,Agitation mental,
,C0424295,Hyperactive behavior,
,C0476482,Restlessness and agitation,
,C0542200,Restlessness (phenothiazine),
,C0549254,Agitation aggravated,
,C0700075,Motor restlessness,
,C0740827,AGITATION EXTREME,
,C0858249,Increased agitation,
,C0860611,Physically restless,
,C0865301,Catatonic agitation,
,C0865302,Schizophrenia agitation,
,C0877432,Nocturnal agitation,
,C0919572,Agitation postoperative,
,C0920253,Emergence Delirium,
,C1271077,No psychomotor agitation,
,C2585388,Level of agitation,
,C2712004,Reduced Agitation,
,C3639389,HAMD-17 - Agitation,
,C3640500,HAMD-21 - Agitation,
,C3887611,Restlessness,
,C3887612,Psychomotor Agitation,
abdominal pain,C0000737,Abdominal Pain,
,C0423651,No abdominal pain,
,C1394864,"severe; abdominal pain, abdominal rigidity",
,C0000727,"Abdomen, Acute",
,C0000729,Abdominal Cramps,
,C0151263,nausea or abdominal pain,
,C0232488,Abdominal colic,
,C0232491,Chronic abdominal pain,
,C0232492,Upper abdominal pain,
,C0232493,Epigastric pain,
,C0232495,Lower abdominal pain,
,C0234246,Rebound tenderness,
,C0235299,Right upper quadrant pain,
,C0238548,abdominal pain radiating to back,
,C0238551,Left lower quadrant pain,
,C0238552,Left upper quadrant pain,
,C0241310,Suprapubic pain,
,C0262419,CHRONIC RUQ ABDOMINAL PAIN,
,C0262527,Intermittent abdominal pain,
,C0262528,INTERMITTENT LLQ ABDOMINAL PAIN,
,C0277969,Abdominal pain through to back,
,C0277970,Abdominal pain worse on motion,
,C0344304,Generalized abdominal pain,
,C0400882,Chronic nonspecific abdominal pain,
,C0423644,Central abdominal pain,
pain radiation,C1507012,Pain radiation,
,C1508020,PAIN RADIATION:FINDING:POINT IN TIME:*:NOMINAL,
,C0438921,Back Pain without Radiation,
,C0740363,Back Pain with Radiation,
,C0856052,Radiation associated pain,
,C2129193,abdominal pain radiating to chest,
,C2219669,abdominal pain radiation,
,C3665903,Neck pain (with radiation),
,C4039640,Neuropathic pain due to radiation,
,C4520350,Pain following radiation therapy,
,C0856245,Low back pain (without radiation),
,C1112757,Chest pain with radiation to left arm,
,C0221685,Lumbar spine pain with radiation below knee,
,C0511113,"Evaluate chest pain (e.g., intensity, location, radiation, duration, and precipitating and alleviating factors)",
bizarre behavior,C0474407,Bizarre behavior,
,C3176600,Bizarre behavior:Find:Pt:^Patient:Ord:DI-PAD CGP V 1.4,
,C4482094,demonstrated behavior mannerisms bizarre,
seizure,C0036572,Seizures,
,C1959629,Seizure Adverse Event,
,C1856553,No seizures,
,C2010674,gelastic seizure with intractable seizure,
,C2078048,intractable Jacksonian epilepsy,
,C2104601,cursive seizure with intractable seizure,
,C0009952,Febrile Convulsions,
,C0014544,Epilepsy,
,C0014550,Myoclonic Epilepsy,
,C0014553,Absence Epilepsy,
,C0014556,"Epilepsy, Temporal Lobe",
,C0022333,Jacksonian Seizure,
,C0149775,Fit frequency,
,C0150328,Seizure management,
,C0150329,Seizure precautions,
,C0159020,Convulsions in the newborn,
,C0234533,Generalized seizures,
,C0234535,"Seizures, Clonic",
,C0234549,Stress seizure,
,C0235097,Withdrawal seizures,
,C0237299,tremors and/or seizures,
,C0239938,Unilateral seizure,
,C0270819,"Reflex Epilepsy, Cursive (Running)",
,C0270820,Gelastic Epilepsy,
,C0270824,Visual seizure,
pregnancy,C0032961,Pregnancy,
,C0425965,Possible pregnancy (finding),
,C0020217,Hydatidiform Mole,
,C0032993,"Pregnancy, Prolonged",
,C0269291,"Pregnancy, Heterotopic",
,C0700573,Encounter due to normal pregnancy,
,C0743385,ECTOPIC PREGNANCY PREVIOUS PREGNANCY,
,C1135232,abdominal pregnancy with intrauterine pregnancy,
,C1135234,tubal pregnancy with intrauterine pregnancy,
,C1135236,Combined intrauterine and ovarian pregnancy,
,C1396055,"thrombosis; pregnancy, ectopic pregnancy",
,C1407293,"thrombosis; pregnancy, molar pregnancy",
,C1411577,"pregnancy; hypertension, pregnancy-induced",
,C2026878,cervical pregnancy with intrauterine pregnancy,
,C2077788,interligamentous pregnancy with intrauterine pregnancy,
,C2113879,pregnancy test positive - pregnancy no. ___,
,C2135561,recent pregnancy with pregnancy number,
,C2137652,cornual pregnancy with intrauterine pregnancy,
,C2229028,mesometric pregnancy with intrauterine pregnancy,
,C2231264,mural pregnancy with intrauterine pregnancy,
,C3161149,Pregnancy with history of ectopic pregnancy,
,C2711092,Combined tubal and intrauterine pregnancy,
,C0000786,Spontaneous abortion,
,C0011209,Obstetric Delivery,
,C0015944,"Fetal Membranes, Premature Rupture",
violent,C0242151,Violent,
,C0232603,Violent retching,
,C0235099,Violent thoughts,
,C0237234,violent environment,
,C0282376,Assaultive Behavior,
,C0424323,Physical aggression,
,C0425151,Violent spouse,
,C0680472,Violent Crime,
,C1096573,Violent dreams,
,C1868823,Violent ideation,
,C2136263,violent event,
,C3671973,Violent sneezing,
,C4062071,Violent relationship,
,C0001807,Aggressive behavior,
,C0040488,Torture,
,C0233558,Temper tantrum,
,C0424241,Violent motor activity,
,C0680471,violent and nonviolent crime,
,C0683660,violent crime and behavior,
,C0741456,BEHAVIOR VIOLENT TOWARD SELF,
,C1303202,Violent acts towards others,
,C1397151,"violent; behavior, family history",
,C1822562,Control of violent content in the media,
,C1827876,Victim of violent environment,
,C2051648,patient observed being violent,
palpitations,C0030252,Palpitations,
,C3160712,Palpitations Adverse Event,
,C0425596,No palpitations,
,C0235239,Palpitations - fluttering,
,C0235240,Pounding heart,
,C0237314,Irregular heart beat,
,C0425585,Palpitations - rapid,
,C0425598,Bumping heart,
,C0522052,Intermittent palpitations,
,C0549267,Palpitations aggravated,
,C0849793,abnormal palpitations,
,C1854346,obsolete Palpitations (with pheochromocytoma),
,C2032976,palpitations at rest,
,C2032982,duration of palpitations,
,C2032986,occurrence of palpitations,
,C2032995,palpitations sustained,
,C2032997,fast palpitations,
,C3532616,History of palpitations,
,C0497235,Palpitations/awareness of heart,
,C1560303,CTCAE Grade 1 Palpitations,
,C1560304,CTCAE Grade 2 Palpitations,
,C1997301,Palpitations with regular rhythm,
,C2032977,factors decreasing palpitations,
,C2032978,palpitations decreased by bending over,
,C2032979,palpitations decreased by coughing,
bradypnea,C0231837,Slow respiration,
,C0513012,"Monitor breathing patterns: bradypnea, tachypnea, hyperventilation, Kussmaul respirations, Cheyne-Stokes respirations, apneustic breathing, Biot's respiration, and ataxic patterns",
dysuria,C0013428,Dysuria,
,C0232857,Psychogenic dysuria,
,C0241705,Difficulty passing urine,
,C0743334,DYSURIA CHRONIC,
,C0743335,DYSURIA INTERMITTENT,
,C0856125,Dysuria aggravated,
,C2143028,psychophysiological dysuria,
,C4028130,positional dysuria,
,C0268723,Dysuria-frequency syndrome,
,C0811520,"Instruct to report discomfort; dysuria; changes in color, consistency, or frequency of vaginal discharge",
,C2921780,pain during urination (dysuria) seems related to menstrual cycle,
tripoding,C0454273,Tripod,
hyperglycemia,C0020456,Hyperglycemia,
,C0150252,Hyperglycemia management,
,C0239979,"HYPERGLYCEMIA, SEVERE",
,C0239980,"HYPERGLYCEMIA, SLIGHT",
,C0271716,Postpancreatectomy hyperglycemia,
,C0342300,Chronic hyperglycemia,
,C0342301,Acute hyperglycemia,
,C0342303,Metabolic stress hyperglycemia,
,C0342314,Dawn phenomenon,
,C0475718,Neonatal hyperglycemia,
,C0745092,HYPERGLYCEMIA DECOMPENSATED,
,C0745095,hyperglycemia hyperosmolar,
,C0850855,diabetic hyperglycaemia,
,C1409092,pancreatectomy, hyperglycemia
,C1855520,"Hyperglycemia, Postprandial",
,C2609269,Fasting hyperglycaemia,
,C2828133,Hyperglycemia Artifact,
,C3650687,Managing Hyperglycaemia,
,C3842022,Medical-hyperglycemia,
,C4020778,maternal hyperglycemia,
,C0242019,Hyperosmolar non-ketotic hyperglycemia,
,C0342298,Diabetic severe hyperglycemia,
,C0362086,Drug-induced hyperglycemia,
,C0475719,Transient neonatal hyperglycemia,
,C0475720,Iatrogenic neonatal hyperglycemia,
pale,C0030232,Pallor,
,C0554991,Pale color,
,C0678215,Patient observed to be pale,
,C1971630,Pale color saturation,
,C0232720,Pale feces (finding),
,C0241137,Pallor of skin,
,C0328496,Lycodes pallidus,
,C0328978,Apogon planifrons,
,C0330417,Kalmia polifolia,
,C0333550,Anemic infarct,
,C0427826,Urine: pale,
,C0452464,Pale ale,
,C0554990,Pale - symptom,
,C0566707,Placenta pale,
,C0684912,Pallor of lung,
,C0685934,Pallor of liver,
,C0686533,Pallor of spleen,
,C0857342,Looked pale,
,C0877384,Pale lips,
,C0937908,Echinacea Pallida Preparation,
,C0998705,Strongylocentrotus pallidus,
,C1006176,Turdus pallidus,
,C1037910,Ptereleotris heteroptera,
,C1300201,Pale red color,
,C1337309,pale catechu,
rigidity,C0026837,Muscle Rigidity,
,C0700109,plastic property - rigidity,
,C0011103,Decerebrate State,
,C0151315,Neck stiffness,
,C0151564,Cogwheel Rigidity,
,C0159066,Abdominal rigidity,
,C0183047,"ANALYZER, RIGIDITY",
,C0231519,Gegenhalten,
,C0231521,Decorticate Rigidity,
,C0233608,Catatonic Rigidity,
,C0237435,Rigidity (Personality),
,C0239325,Extensor Rigidity,
,C0239508,Face rigidity,
,C0241503,TRUNK RIGIDITY,
,C0270758,Athetosis with rigidity,
,C0277821,Extrapyramidal Rigidity,
,C0375570,abdominal rigidity in epigastric region,
,C0419109,Exercises for rigidity,
,C0589139,Rigidity of thinking,
,C0730324,Attacks of rigidity,
,C0857143,Marked rigidity,
,C0858564,Rigidity masticatory,
,C0858571,Rigidity bodily,
,C0858572,Rigidity of limbs,
,C1320474,Nuchal Rigidity,
vaginal bleeding,C0566967,No vaginal blood loss,
,C2979982,Vaginal Hemorrhage,
,C0410997,Perinatal transient vaginal bleeding,
,C0425958,Vaginal introitus bleeding,
,C0460103,Vaginal vault bleeding,
,C0566963,Scanty vaginal bleeding,
,C0566964,Moderate vaginal bleeding,
,C0566965,Profuse vaginal bleeding,
,C0566968,Vaginal bleeding problem,
,C0567444,Non-menstrual vaginal bleeding,
,C0578503,Abnormal vaginal bleeding,
,C0586176,Normal menstrual blood loss,
,C0748248,RECTAL VAGINAL BLEEDING DURATION,
,C0750056,VAGINAL BLEEDING EPISODE,
,C0750057,vaginal bleeding irregular,
,C0750058,VAGINAL BLEEDING NOT PRESENT,
,C0750059,VAGINAL BLEEDING PROLONGED,
,C0878577,Pre-pubertal vaginal bleeding,
,C1277587,Heavy episode of vaginal bleeding,
,C1948088,abnormal bleeding/vaginal discharge,
,C2114287,prepubertal vaginal bleeding,
,C2188172,unexplained vaginal bleeding,
,C3163625,vaginal bleeding during pregnancy,
,C3532677,Discussion about vaginal bleeding,
,C3898918,Have Vaginal Bleeding or Spotting,
incontinence,C0021167,Incontinence,
,C0015732,Fecal Incontinence,
,C0042024,Urinary Incontinence,
,C0042025,Urinary Stress Incontinence,
,C0085099,Incontinence pads,
,C0150042,Functional urinary incontinence,
,C0150043,Reflex incontinence of urine,
,C0150044,Total urinary incontinence,
,C0150045,Urge Incontinence,
,C0150633,Incontinence care,
,C0178997,Nocturnal bladder warning system,
,C0181297,Incontinence Bags,
,C0181298,"Clamps, External Occlusion, Penis/Incontinence",
,C0181301,Incontinence Pants,
,C0183594,"Stimulators, Electrical, Neuromuscular, Incontinence",
,C0232705,Idiopathic fecal incontinence,
,C0312413,Overflow incontinence of urine,
,C0401155,Double incontinence,
,C0406421,Pigmentary incontinence,
,C0426369,Frequency of incontinence,
,C0426371,Unaware of passing urine,
,C0463007,Incontinence appliance,
,C0463034,Incontinence belt,
,C0463060,Incontinence sheath,
,C0555869,Incontinence control,
myalgias,C0231528,Myalgia,
,C0032238,"Pleurodynia, Epidemic",
,C0221570,Myalgias/Myopathy,
,C0410249,Viral myalgia,
,C2674035,"Myalgia, episodic",
,C2232738,sudden onset of generalized muscle aches,
cough,C0010200,Coughing,
,C1961131,Cough Adverse Event,
,C3274924,Have Been Coughing,
,C3815497,Cough (guaifenesin),
,C4084725,Usual Severity Cough,
,C4084726,How Much Distress Cough,
,C4084727,Cough Frequency,
,C0425502,No cough,
,C0719558,Cough-X Cough Relief,
,C0003449,Antitussive Agents,
,C0010201,Chronic cough,
,C0043167,Pertussis,
,C0043168,Whooping cough due to unspecified organism,
,C0150182,Encouragement of deep breathing and coughing exercises,
,C0151574,Decreased coughing,
,C0231911,Paroxysmal cough,
,C0231912,Nocturnal cough,
,C0231914,Cough at rest,
,C0231917,Postural cough,
,C0232051,Cough reflex,
,C0234435,"Syncope, Tussive",
,C0234866,Barking cough,
,C0239132,"COUGH, EXPLOSIVE",
,C0239133,Hacking cough,
,C0239134,Productive cough,
mental status changes,C0856054,Mental status changes,
,C0919570,Mental status changes postoperative,
,C1735907,Acute mental status changes,
,C0513173,"Monitor for apprehension, increased anxiety, and changes in mental status",
,C2036402,stress test-induced mental status changes,
rhonchi,C0034642,Rales,
,C0035508,Rhonchi,
,C0231862,High-pitched rhonchi,
,C0231863,Low-pitched rhonchi,
,C0858640,Moist rales,
,C0859999,Dry rale,
,C2077321,inspiratory rhonchi,
,C2200449,rhonchi in left lung,
,C2200450,rhonchi in right lung,
,C2235504,expiratory rhonchi,
,C2237505,rhonchi in both lungs,
,C0436746,O/E - rhonchi present,
,C0741779,BREATH SOUND RHONCHI,
,C0741780,BREATH SOUND RHONCHI ASYMPTOMATIC,
,C2071411,rhonchi at right apex,
,C2071412,rhonchi in right mid-lung field,
,C2071413,rhonchi at right base,
,C2071414,rhonchi at left apex,
,C2071415,rhonchi in left mid-lung field,
,C2071416,rhonchi in left base,
,C2071417,rhonchi at both apices,
,C2071419,rhonchi in both bases,
,C2200427,rhonchi on both sides laterally,
,C2200428,rhonchi on both sides medially,
,C2200429,rhonchi on both sides anteromedially,
vaginal discharge,C0227791,Vaginal Discharge,
,C0438692,Vaginal discharge symptom,
,C0023533,Leukorrhea,
,C0241622,Hemorrhagic vaginal discharge,
,C0241623,Brown vaginal discharge,
,C0241624,"VAGINAL DISCHARGE, CHEESY",
,C0241625,foul-smelling vaginal discharge,
,C0241626,Frothy vaginal discharge,
,C0241627,"VAGINAL DISCHARGE, MECONIUM STAINED",
,C0241628,Mucoid vaginal discharge,
,C0241629,Purulent vaginal discharge,
,C0241630,Serosanguinous vaginal discharge,
,C0241631,Watery vaginal discharge,
,C0241632,Yellow vaginal discharge,
,C0425924,Vaginal discharge present,
,C0425925,Vaginal discharge absent,
,C0437076,O/E - vaginal discharge,
,C0437077,O/E - no vaginal discharge,
,C0437078,On examination - white vaginal discharge,
,C0437079,O/E - creamy vaginal discharge,
,C0437080,On examination - yellow vaginal discharge,
,C0437081,On examination - green vaginal discharge,
,C0437082,O/E - bloodstained vaginal discharge,
,C0437083,On examination - frothy vaginal discharge,
,C0437084,On examination - profuse vaginal discharge,
distension,C0012359,Pathological Dilatation,
,C1291077,Abdominal bloating,
,C3714614,Distention,
,C0000731,Abdomen distended,
,C0005687,Bladder distention,
,C0151994,Enlarged uterus,
,C0392025,Enlargement abdomen,
,C0408217,Distension of joint,
,C0520562,Dilatation of intestine,
,C0521620,Dilatation of ureter,
,C0598484,colon distension,
,C0848337,gastric distention,
,C1391754,distension, cecum
,C1397941,gallbladder distended,
,C1402857,liver, distension
,C1408067,uterus, distension
,C1408282,kidney, distension
,C2747824,Distended bowel,
,C2747825,Distended ureter,
,C3687314,Intracelomic distension,
,C3873905,Distension system,
,C0149823,Acute dilatation of stomach,
,C0181417,Irrigation/distension system,
,C0235698,"Abdominal distension, gaseous",
,C0336642,Arthroscopic irrigation/distension pump,
last known well,C2729240,Iv t-pa initiated within three hours (<= 180 minutes) of time last known well,
,C2729241,Iv t-pa not initiated within three hours (<= 180 minutes) of time last known well for reasons documented by clinician,
,C2729242,"Iv t-pa not initiated within three hours (<= 180 minutes) of time last known well, reason not given",
suicidal thought,C0424000,Feeling suicidal (finding),
,C3639910,C-SSRS Baseline - Non-Specific Suicidal Thought,
,C3641580,C-SSRS Since Last Visit - Non-Specific Suicidal Thought,
,C3830744,C-SSRS Children's Since Last Visit - Non-Specific Active Suicidal Thoughts,
,C3830820,C-SSRS Children's Baseline - Non-Specific Active Suicidal Thoughts,
diarrhea,C0011991,Diarrhea,
,C1963091,Diarrhea Adverse Event,
,C3641756,Have Diarrhea,
,C4084784,How Much Distress Diarrhea,
,C4084802,Usual Severity Diarrhea,
,C4085317,How Often Diarrhea,
,C0474498,Diarrhea not present,
,C0004692,Balantidiasis,
,C0011992,Infantile Diarrhea,
,C0013369,Dysentery,
,C0038054,"Sprue, Tropical",
,C0151594,Hemorrhagic diarrhea,
,C0152517,Enteritis due to specified virus,
,C0156173,Functional diarrhea,
,C0232709,Postprandial diarrhea,
,C0232710,Chronic constipation with overflow,
,C0232711,Nervous diarrhea,
,C0235840,Neonatal diarrhea,
,C0235952,Clostridium difficile diarrhea,
,C0239181,Intermittent diarrhea,
,C0239182,Watery diarrhoea,
,C0242002,Mucous diarrhoea,
,C0267436,Non-infective diarrhea,
,C0267437,Allergic diarrhea,
,C0267438,Dietetic diarrhea,
unequal femoral pulses,C1997431,Unequal femoral pulses,
rash,C0015230,Exanthema,
,C0006846,Cutaneous Candidiasis,
,C0011609,Drug Eruptions,
,C0011974,Diaper Rash,
,C0013595,Eczema,
,C0026113,Miliaria,
,C0031256,Petechiae,
,C0033771,Prurigo,
,C0036830,Serum Sickness,
,C0042109,Urticaria,
,C0085641,Pustular rash,
,C0151882,Purpuric rash,
,C0151883,Vesiculobullous rash,
,C0153062,Viral exanthem,
,C0162423,Miliaria Rubra,
,C0162830,"Dermatitis, Phototoxic",
,C0175167,Acneiform Eruptions,
,C0221201,Macular rash,
,C0221203,Vesicular rash,
,C0221693,JRA rash,
,C0234894,Dermatitis acneiform,
,C0234913,Rash erythematous,
,C0234916,Rash follicular,
,C0234918,Morbilliform rash,
,C0234919,Rash papulosquamous,
substance abuse history,C1269662,Assessment of history of substance abuse,
,C1299544,History of substance abuse,
,C1397159,Family history of substance abuse,
,C0476560,Encounter for family history of alcohol abuse,
,C0476561,Family history of tobacco abuse,
,C0478622,Family history of other substance abuse,
,C0481423,Personal history of psychoactive substance abuse,
,C0547881,Assess and document substance abuse history.,
,C0806394,History of present alcohol &or substance abuse,
,C1397160,"psychoactive; substance, abuse, family history",
,C2728279,reported family history of substance abuse,
,C2957819,rnox evaluate substance abuse history,
,C3161674,reported family history of substance abuse - father,
,C3161675,reported family history of substance abuse - mother,
,C3161676,reported family history of substance abuse - brother,
,C3161677,reported family history of substance abuse - sister,
,C3161678,reported family history of substance abuse - husband,
,C3161679,reported family history of substance abuse - wife,
,C0496707,Family history of other psychoactive substance abuse,
,C2911222,Family history of other psychoactive substance abuse and dependence,
,C2911224,Family history of other substance abuse and dependence,
,C3161680,reported family history of substance abuse - domestic partner,
,C4067667,Screening and history of mental health and substance abuse codes,
,C0801690,History of present alcohol &or substance abuse:Hx:Pt:^Patient:Nar,
,C0943281,Past medical history+Level of function:Find:Pt:Alcohol-substance abuse rehabilitation treatment plan:Nar,
homicidal thoughts,C0455204,Homicidal thoughts,
,C1948150,expresses suicidal/homicidal thoughts,
absent femoral pulses,C0239556,Femoral pulse absent,
,C2222307,absent femoral pulses on both sides,
trauma,C0043251,Wounds and Injuries,
,C0548346,Trauma assessment and care,
,C1510467,trauma qualifier,
,C3263723,Traumatic injury,
,C3714660,Trauma,
,C4049136,"Trauma, nursing specialty",
,C0003794,Arm Injuries,
,C0004760,Dysbarism,
,C0005604,Birth Injuries,
,C0006434,Burn injury,
,C0009426,Combat Disorders,
,C0015408,Eye Injuries,
,C0018674,Craniocerebral Trauma,
,C0018781,Noise-induced hearing loss,
,C0018805,Heart Injuries,
,C0022744,Knee Injuries,
,C0026771,Multiple Trauma,
,C0034530,Radiation injury,
,C0037367,Smoke Inhalation Injury,
,C0037929,Spinal Cord Injuries,
,C0037937,Spinal Injuries,
,C0039504,Tendon Injuries,
,C0039980,Thoracic Injuries,
,C0040786,Trauma Centers,
,C0040788,Trauma Units,
wheezing,C0043144,Wheezing,
,C0035234,Respiratory Sounds,
,C0035508,Rhonchi,
,C0231874,Inspiratory wheezing,
,C0231875,Expiratory wheezing,
,C0234863,Wheezing stridor,
,C0392681,Asthmatic breathing,
,C0439035,Wheezing symptom,
,C0877638,Wheezing aggravated,
,C1557642,Bronchospasm and Wheezing Adverse Event,
,C1735643,Chronic wheezing,
,C2089439,diffuse wheezing,
,C2203180,wheezing occurs only with exercise,
,C2203181,wheezing on auscultation (physical finding),
,C2203182,wheezing recurs from time to time,
,C2203183,wheezing recurs intermittently,
,C2203185,wheezing unilaterally,
,C2237502,wheezing in both lungs,
,C3504340,Wheezing Recorders,
,C4539802,Frequent wheezing,
,C0340073,Factitious asthma,
,C0944011,Wheezing:Find:24H:Respiratory system:Ord:Reported.HIV-SSC,
,C1557643,CTCAE Grade 1 Bronchospasm and Wheezing,
,C1557644,CTCAE Grade 2 Bronchospasm and Wheezing,
,C1557645,CTCAE Grade 3 Bronchospasm and Wheezing,
pain region,C0007859,Neck Pain,
,C0024031,Low Back Pain,
,C0030197,pain in or around eyes,
,C0037011,Shoulder Pain,
,C0238973,Pain in cheek,
,C0458087,Pain finding at anatomical site,
,C0578055,Pain of head and neck region,
,C0838222,Pain in joint involving shoulder region,
,C0839475,"Pain in limb, shoulder region",
,C0848201,pain in the umbilical region,
,C0858652,Parotid region pain,
,C1403230,pain, lumbar region
,C2032373,pain in left infraspinatus region,
,C2032376,pain in left supraspinatus region,
,C2032395,pelvic pain on the left,
,C2032396,pelvic pain on the right,
,C2370973,Radiating pain in a segment or region,
,C2896445,Pain in axillary region,
,C3649792,chest pain in the pleural region,
,C4076174,Joint pain of pelvic region,
,C0838226,"Pain in a joint, pelvic region and thigh",
,C0839479,"Pain in limb, pelvic region and thigh",
,C1286317,Characteristics of pain of head and neck region,
,C1960987,Pain radiating to lumbar region of back,
,C2032372,joint pain in left infraclavicular region,
weakness,C3714552,Weakness,
,C0018801,Heart failure,
,C0030552,Paresis,
,C0151786,Muscle Weakness,
,C0232132,Weak arterial pulse,
,C0241700,Voice Fatigue,
,C0424593,Attacks of weakness,
,C0426997,Weakness of sternomastoid,
,C0427053,Weakness present,
,C0427054,Weakness of neck,
,C0427055,Facial Paresis,
,C0427062,Weakness of back,
,C0427068,Monoparesis - leg,
,C0497294,paralysis/weakness,
,C0521532,Diaphragmatic paresis,
,C0542267,Weakness postural,
,C0546190,Palate weakness,
,C0546192,Larynx weakness,
,C0575810,Weakness of hand,
,C0576233,Weakness of foot,
,C0576333,Weakness of toe,
,C0577655,Quadriceps weakness,
,C0581877,Abdominal weakness,
,C0587246,Muscle weakness of limb,
,C0679397,cardiovascular deterioration,
tachycardia,C0039231,Tachycardia,
,C3827868,Tachycardia by ECG Finding,
,C0039235,"Tachycardia, Ectopic Junctional",
,C0039236,"Tachycardia, Paroxysmal",
,C0039239,Sinus Tachycardia,
,C0039240,Supraventricular tachycardia,
,C0042514,"Tachycardia, Ventricular",
,C0221047,Bradycardia-tachycardia syndrome,
,C0232211,Idiojunctional tachycardia,
,C0241324,"TACHYCARDIA, EXERTIONAL",
,C0242514,"Tachycardia, Reciprocating",
,C0340468,Sinoatrial node tachycardia,
,C0340471,Atrioventricular tachycardia,
,C0344428,Ventricular Tachycardia by ECG Finding,
,C0392191,Irregular tachycardia,
,C0410918,Fetal tachycardia,
,C0428982,AV junctional (nodal) tachycardia,
,C0457252,Baseline tachycardia,
,C0546959,Atrial tachycardia,
,C0549268,Tachycardia aggravated,
,C0749248,TACHYCARDIA REST,
,C0749250,TACHYCARDIA WITH ECTOPY,
,C0849662,supraventicular tachycardia,
,C0858524,Tachycardia nervous,
,C0877308,Neonatal tachycardia,
anxiety,C0003467,Anxiety,
,C0003469,Anxiety Disorders,
,C0860603,Anxiety symptoms,
,C1963064,Anxiety Adverse Event,
,C4050613,Anxiety Scale (BASC-2),
,C0497330,Anxiety disorder/anxiety state,
,C1387807,"anxiety; nocturnal, dream anxiety",
,C0003476,"Anxiety, Castration",
,C0003477,Separation Anxiety Disorder,
,C0015726,Fear (Mental Process),
,C0085380,Dental Anxiety,
,C0150135,Alleviating anxiety,
,C0231397,Anticipatory anxiety,
,C0231401,Mild anxiety,
,C0231402,Moderate anxiety,
,C0232711,Nervous diarrhea,
,C0235107,Anxiety-ridden,
,C0235111,Anxiety complex,
,C0262373,AIDS ANXIETY,
,C0262376,anxiety generalized,
,C0262377,Situational anxiety,
,C0270590,Anxiety hyperventilation,
,C0338908,Mixed anxiety and depressive disorder,
,C0338909,Anxiety hysteria,
,C0349231,Phobic anxiety disorder,
tachypnea,C0231835,Tachypnea,
,C0475118,O/E - tachypnea,
,C1112613,Neonatal tachypnoea,
,C1406798,transitory, tachypnea
,C3806218,Episodic tachypnea,
,C0158940,Transitory tachypnea of newborn,
,C0456007,Mild transient tachypnea of newborn,
,C0456008,Severe transient tachypnea of newborn,
,C0751510,Sleep-Related Neurogenic Tachypnea,
,C2910386,"Tachypnea, not elsewhere classified",
,C4031938,apnea alternating with tachypnea,
,C4227836,"Tachypnea, neonatal (in some patients)",
,C0513235,"Monitor for dyspnea, fatigue, tachypnea, and orthopnea",
,C0513259,"Monitor for fluid loss (e.g., bleeding, vomiting, diarrhea, perspiration, and tachypnea)",
,C0513706,"Monitor respiratory pattern for symptoms of respiratory difficulty (e.g., dyspnea, tachypnea, and shortness of breath)",
,C0513711,"Monitor respiratory status, noting signs of respiratory distress: tachypnea, nasal flaring, grunting, retractions, rhonchi, or rales",
,C0548017,"Monitor for dyspnea, hyperventilation, stridor, retractions, tachypnea, sneezing, hoarseness, chest pain or tightness, cyanosis.",
,C0513012,"Monitor breathing patterns: bradypnea, tachypnea, hyperventilation, Kussmaul respirations, Cheyne-Stokes respirations, apneustic breathing, Biot's respiration, and ataxic patterns",
,C0513415,"Monitor for signs of malignant hyperthermia (e.g., hypercarbia, rise in temperature, tachycardia, tachypnea, arrhythmias, cyanosis, mottled skin, rigidity, profuse sweating, and unstable blood pressure)",
tenderness,C0234233,Sore to touch,
,C0684239,Emotional tenderness,
,C0151206,Scalp tenderness,
,C0151767,Liver tender,
,C0232498,Abdominal tenderness,
,C0234242,Pain and tenderness,
,C0234246,Rebound tenderness,
,C0235634,Renal angle tenderness,
,C0238594,Adnexal tenderness,
,C0238745,back tenderness,
,C0238807,Bone tenderness,
,C0238861,BURSAL TENDERNESS,
,C0238883,CALF TENDERNESS,
,C0238964,CERVICAL TENDERNESS,
,C0239008,Chest wall tenderness,
,C0239230,EAR TENDERNESS,
,C0239279,Epididymal tenderness,
,C0239408,Tenderness in limb,
,C0239435,Tenderness eye,
,C0239470,tenderness on palpation of eyelid,
,C0239532,Facial tenderness,
,C0239610,FINGERTIP TENDERNESS,
,C0239682,FOREHEAD TENDERNESS,
,C0239730,GENITAL TENDERNESS,
,C0239739,Tenderness of gums,
headache,C0018681,Headache,
,C0423624,No headache,
,C4027863,rebound headache with intractable headache,
,C0004317,Aural headache,
,C0009088,Cluster Headache,
,C0011364,Dental headache,
,C0027427,Nasal headache,
,C0028838,Ocular Headache,
,C0032810,Postseizure headache,
,C0032816,Post-Traumatic Headache,
,C0033893,Tension Headache,
,C0037195,Sinus headache,
,C0042376,Vascular Headaches,
,C0149931,Migraine Disorders,
,C0151293,Chronic Headache,
,C0231613,Occipital headache,
,C0234240,Allergic headache,
,C0239885,Headache dull,
,C0239886,Frontal headache,
,C0239887,"HEADACHE, POSTAURICULAR",
,C0239888,Headache recurrent,
,C0239889,excruciating headache,
,C0270697,Post-Lumbar Puncture Headache,
,C0338480,Common Migraine,
,C0341865,Menopausal headache,
clammy skin,C0392162,Clammy skin,
,C0235848,Skin cold clammy,
,C0513197,"Monitor for cardiovascular manifestations of hyponatremia (e.g., elevated blood pressure, cold and clammy skin, and hypo- or hypervolemia)",
decreased visual acuity,C0234632,Reduced visual acuity,
,C0750276,VISUAL ACUITY DECREASED BILATERALLY,
,C0750277,VISUAL ACUITY DECREASED OD,
,C0750278,VISUAL ACUITY DECREASED OS,
,C0750279,VISUAL ACUITY DECREASED UNILATERAL,
,C3277697,"Decreased visual acuity, progressive",
,C3553696,"Decreased visual acuity, nonprogressive",
,C3899402,Decreased Uncorrected Visual Acuity,
,C4013041,Decreased visual acuity (rare),
,C2751771,"Decreased visual acuity, adult-onset",
,C3278981,"Decreased visual acuity, slowly progressive",
,C3554187,Decreased visual acuity (in some patients),
,C3806627,Decreased visual acuity in early childhood,
,C3809300,"Decreased visual acuity, rapidly progressive",
,C3899401,Decreased Visual Acuity with Current Correction,
,C3899404,Decreased best corrected visual acuity,
,C4479721,Decreased visual acuity (in older patients),
,C1845139,"Decreased visual acuity, in some female carriers",
,C2938908,Best-corrected distance visual acuity decreased,
,C3552985,Decreased visual acuity in fourth decade of life,
,C3854540,Normal luminance best-corrected visual acuity decreased,
,C3854541,Low luminance best-corrected visual acuity decreased,
,C4229291,"Moderately decreased visual acuity, late-onset",
,C4230088,Decreased visual acuity from infancy or early childhood,
,C4231171,Decreased best corrected visual acuity (in some patients),
use of accessory muscles,C0425468,Accessory respiratory muscles used,
,C3842126,Accessory muscles used with breathing,
,C2224944,exaggerated use of accessory muscles for inspiration,
,C4062395,Use of significant respiratory accessory muscles,
,C4062403,Minimal use of respiratory accessory muscles,
,C0513839,"Monitor work of breathing (e.g., respiratory rate, heart rate, use of accessory muscles, and diaphoresis)",
,C0513865,"Note chest movement, watching for symmetry, use of accessory muscles, and supraclavicular and intercostal muscle retractions",
,C1739502,"Observe chest movement, including symmetry, use of accessory muscles, and supraclavicular and intercostal muscle retractions",
,C0513281,"Monitor for indications of chronic respiratory acidosis (e.g., barrel chest, clubbing of nails, pursed-lips breathing, and use of accessory muscles), as appropriate",
fever,C0015967,Fever,
,C0424755,Fever symptoms (finding),
,C0024530,Malaria,
,C0040830,Trench Fever,
,C0043397,Jungle yellow fever,
,C1313924,"screening; fever, yellow fever",
,C1401679,glandular fever, fever
,C1401748,fever, screening hemorrhagic fever
,C1401765,fever, blackwater fever
,C1401741,"fever; Mediterranean, tick fever (rickettsiosis, spotted fever)",
,C0002797,Bovine Anaplasmosis,
,C0003175,Anthrax disease,
,C0004771,Bartonella Infections,
,C0005681,Blackwater Fever,
,C0006060,Boutonneuse Fever,
,C0006309,Brucellosis,
,C0006391,Bunyamwera virus disease,
,C0006542,Byssinosis,
,C0008055,Chikungunya Fever,
,C0009186,Coccidioidomycosis,
,C0009400,Colorado Tick Fever,
,C0009952,Febrile Convulsions,
,C0011311,Dengue Fever,
,C0014481,Ephemeral Fever,
,C0014661,Equine Infectious Anemia,
abuse of substance,C0687130,Substance of abuse,
,C0740858,Substance abuse problem,
,C2712114,Actual Positive Absence Of Substance Use,
,C0013146,Drug abuse,
,C0013170,Drug habituation,
,C0025460,Mescaline,
,C0031381,Phencyclidine,
,C0033880,Psychoactive substance abuse,
,C0038577,Substance Abuse Detection,
,C0038579,"Substance Abuse, Intravenous",
,C0079256,Substance Abuse Treatment Centers,
,C0236935,"Substance Abuse, Other",
,C0236936,Unknown Substance Abuse,
,C0443078,Psychoactive substance of abuse - non-pharmaceutical,
,C0597730,substance abuse epidemiology,
,C0683030,AODD recovery,
,C0683031,aodd relapse,
,C0683435,CIDI Substance Abuse Module,
,C0683436,Substance Abuse Attitude Survey,
,C0730421,Substance abuse counseling,
,C0743244,Chronic drug abuse,
,C0747965,PREVENTION ISSUE SUBSTANCE ABUSE,
,C0749114,SUBSTANCE ABUSE DATERANGE,
,C0749115,substance abuse pregnancy,
,C0749116,SUBSTANCE ABUSE PREGNANCY ACID,
lightheadedness,C0012833,Dizziness,
,C0220870,Lightheadedness,
,C0234987,Postural dizziness,
,C2183876,lightheadedness with collapse,
,C3639673,PDQUALIF - Lightheadedness,
,C2183875,lightheadedness during exercise,
,C3639432,MDS-UPDRS - Lightheadedness on Standing,
,C3842980,"Lightheadedness, dizziness, or loss of balance",
,C0513104,"Monitor exercise tolerance (e.g., presence of such symptoms as breathlessness, rapid pulse, pallor, lightheadedness, and joint/muscle pain or swelling) during exercise",
confusion,C0009676,Confusion,
,C0683369,Clouded consciousness,
,C1963086,Confusion Adverse Event,
,C2712099,Actual Positive Absence Of Confusion,
,C0152124,"Confusion, Reactive",
,C0221560,Chronic confusion,
,C0558062,Onset of confusion,
,C0559682,Intermittent confusion,
,C0742735,CONFUSION BASELINE,
,C0742737,CONFUSION EPISODE,
,C0751053,"Confusion, Post-Ictal",
,C0813178,Bewilderment,
,C0856071,Confusion aggravated,
,C0857042,Acute onset of confusion,
,C0857386,Nocturnal confusion,
,C0858851,Confusion reversible,
,C1285577,Acute confusional state,
,C1306037,Dissociative confusion,
,C1319200,Postoperative confusion,
,C1410977,confusion, situational
,C1635002,Confusion:Find:Pt:^Patient:Ord:Observed.CCC,
,C1847506,"Confusion, paroxysmal",
,C2107102,confusion fluctuates,
,C2107115,confusion steadily worsening,
,C2107742,constant confusion,
combative,C0241845,combative,
,C0741454,BEHAVIOR COMBATIVE,
,C1457883,Aggressive reaction,
,C2366927,convulsions followed by combative behavior,
,C2874326,Vascular dementia with combative behavior,
,C3161185,"Dementia, with combative behavior",
,C3263951,Unspecified dementia with combative behavior,
,C4268195,Major neurocognitive disorder with combative behavior,
,C0878760,Dementia in conditions classified elsewhere with combative behavior,
,C2874332,Dementia in other diseases classified elsewhere with combative behavior,
,C4268199,Major neurocognitive disorder in other diseases classified elsewhere with combative behavior,
,C4534295,"Physical aggression: aggressive or combative to self and others (for example, hits self, throws objects, punches, dangerous maneuvers with wheelchair or other objects)",
rales,C0034642,Rales,
,C0240859,Basilar Rales,
,C0231862,High-pitched rhonchi,
,C0231863,Low-pitched rhonchi,
,C0231867,Medium rales,
,C0240861,"RALES, SUBCREPITANT",
,C0277863,Atelectatic rales,
,C0425543,Coarse respiratory crackles,
,C0425544,Fine respiratory crackles,
,C0425547,Post-tussive crackles,
,C0577961,Inspiratory crackles,
,C0577962,Expiratory crackles,
,C0858640,Moist rales,
,C3842114,Rales-right,
,C3842115,Rales-left,
,C0231880,Superficial crackling rales,
,C0240860,"RALES, BASILAR, RIGHT",
,C0240862,"RALES, SUBCREPITANT, BILATERAL",
,C0425546,Bubbling crackles,
,C0741774,BREATH SOUND RALES,
,C0741775,BREATH SOUND RALES ASYMPTOMATIC,
,C0741776,BREATH SOUND RALES DIFFUSE,
,C0741777,BREATH SOUND RALES FINE,
,C0741778,BREATH SOUND RALES NEW,
,C2036407,stress test-induced rales,
sleepiness,C0013144,Drowsiness,
,C2830004,Somnolence,
,C0541854,Daytime sleepiness,
,C0917799,Hypersomnia,
,C0027404,Narcolepsy,
,C0393766,Postviral excessive daytime sleepiness,
,C0694563,Excessive daytime somnolence,
,C0858780,Feeling of residual sleepiness,
,C2126117,fainting followed by prolonged sleepiness,
,C2219848,Daytime somnolence,
,C2228963,medicated level of sleepiness,
,C3541276,Epworth Sleepiness Scale Questionnaire,
,C3639428,MDS-UPDRS - Daytime Sleepiness,
,C0393765,Excessive day and night-time sleepiness,
,C0393767,Excess daytime sleepiness with sleep paralysis,
,C0393764,Excessive daytime sleepiness - normal night sleep,
,C2931865,"Irresistible sleepiness, cataplexy and onset of sleep in desynchronized phase",
,C3641277,CDISC Questionnaire ESS Test Name Terminology,
,C3641278,CDISC Questionnaire ESS Test Code Terminology,
,C2129304,likelihood fall asleep during day total Epworth score,
,C3174126,Does your child have a problem with sleepiness during the day:Find:Pt:^Patient:Ord:PhenX,
,C3174127,Does your child have a problem with sleepiness during the day,
,C3248575,"Sleep apnea symptoms assessed, including presence or absence of snoring and daytime sleepiness",
,C1836912,Milder cases have isolated recurrent daytime sleepiness and/or lapses into sleep without cataplexy,
,C0519186,Multiple sleep latency test,
tonic-clonic,C1846619,Generalized clonic or tonic-clonic seizures,
,C0014549,Tonic-Clonic Epilepsy,
,C0494475,Tonic - clonic seizures,
,C0751117,Cryptogenic Tonic-Clonic Epilepsy,
,C0751118,"Epilepsy, Tonic-Clonic, Familial",
,C0751119,"Epilepsy, Tonic-Clonic, Symptomatic",
,C0848334,"status; epilepticus, tonic-clonic",
,C0919909,Tonic clonic movements,
,C1409979,"status; epileptic, tonic-clonic",
,C1846131,Photosensitive tonic-clonic seizures,
,C3536585,"Tonic-clonic seizure, refractory",
,C3809174,"Seizures, tonic, clonic, focal",
,C4013518,"Seizures, tonic-clonic (rare)",
,C4227356,Seizures (tonic-clonic or nonfebrile),
,C1845670,"Atypical absence, atonic/tonic, or tonic-clonic seizures",
,C0748577,SEIZURE DISORDER GENERALIZED TONIC CLONIC,
,C0877017,Generalized tonic-clonic seizures with focal onset,
,C1847165,Generalized tonic-clonic seizures on awakening,
,C1863065,Generalized tonic-clonic seizures in 50%,
,C2137261,tonic-clonic epilepsy with intractable epilepsy,
,C3263967,Nonspecific tonic-clonic epileptic seizures,
,C3279876,"Seizures, tonic-clonic (1 patient)",
,C3536584,"Tonic-clonic seizure, non-refractory",
,C3551291,Tonic-clonic seizures (less common),
,C3551487,Generalized tonic-clonic seizures (rare),
agitated delirium,C1848465,Agitated delirium,
chest tightness,C0232292,Chest tightness,
,C0232285,Dull chest pain,
,C0742341,CHEST SYMPTOM TIGHTNESS CHRONIC,
,C0849758,chest and heart tightness,
,C0850701,respiratory chest tightness,
,C0856135,Chest tightness aggravated,
,C1707376,Chest Tightness or Pressure,
,C2073391,chest tightness or heavy pressure,
,C3173743,"In the last 12Mo, have you been awakened from sleep by shortness of breath or a feeling of tightness in your chest:Find:12Mo:^Patient:Ord:PhenX",
,C3475754,I feel tightness in my chest in the past 7D,
,C3842948,"Tightness, pain, or discomfort in your chest or stomach",
,C4479804,chest tightness within 60 minutes after exercise,
,C3482583,I feel tightness in my chest in the past 7D:Find:7D:^Patient:Ord:FACIT,
,C0548017,"Monitor for dyspnea, hyperventilation, stridor, retractions, tachypnea, sneezing, hoarseness, chest pain or tightness, cyanosis.",
,C2924180,"Acute episode of pain, discomfort or tightness in the chest, left arm or jaw within 72H of the hospitalization or in-hospital event",
,C2926101,"Acute episode of pain, discomfort or tightness in the chest, left arm or jaw within 72H of the hospitalization or in-hospital event:Finding:Point in time:^Patient:Ordinal",
,C3173744,"In the last 12Mo, have you been awakened from sleep by shortness of breath or a feeling of tightness in your chest",
,C0513238,"Monitor for early signs of allergic reactions: wheezing, hoarseness, chest tightness, dyspnea, itching, hives and wheals, angioedema, GI upset, anxiety, and restlessness",
,C4296650,"How often did your asthma symptoms (wheezing, coughing, shortness of breath, chest tightness or pain) wake you up at night or earlier than usual in the morning during the past 4W",
,C4298501,"How often did your asthma symptoms (wheezing, coughing, shortness of breath, chest tightness or pain) wake you up at night or earlier than usual in the morning during the past 4W:Find:4W:^Patient:Ord:ACT",
diaphoresis,C0700590,Increased sweating,
,C1262243,Menopausal diaphoresis,
,C1559072,Diaphoresis Adverse Event,
,C1821822,Profuse diaphoresis,
,C1854341,obsolete Diaphoresis (with pheochromocytoma),
,C1559073,CTCAE Grade 1 Diaphoresis,
,C1559074,CTCAE Grade 2 Diaphoresis,
,C2032516,pain level expressed by diaphoresis,
,C2198895,dizziness preceded by sweating,
,C4540886,Diaphoresis above the injury,
,C0513293,Monitor for insensible fluid loss,
,C1861469,"Autonomic features may occur (diaphoresis, tachycardia, hyperthermia, hypertension)",
,C0513022,"Monitor cardiorespiratory response to activity (e.g., tachycardia, other dysrhythmias, dyspnea, diaphoresis, pallor, hemodynamic pressures, and respiratory rate)",
,C0513301,"Monitor for loss of electrolyte-rich fluids (e.g., nasogastric suction, ileostomy drainage, diarrhea, wound drainage, and diaphoresis)",
,C0513839,"Monitor work of breathing (e.g., respiratory rate, heart rate, use of accessory muscles, and diaphoresis)",
,C0513901,"Note tachycardia or bradycardia, decreased blood pressure, or abnormally low systemic arterial pressure, as well as pallor, cyanosis, and diaphoresis",
,C0811761,"Perform a comprehensive appraisal of peripheral circulation (e.g., check peripheral pulses, edema, capillary refill, color, and temperature)",
,C0510050,"Determine possible risk factors for fluid imbalance (e.g., hyperthermia, diuretic therapy, renal pathologies, cardiac failure, diaphoresis, liver dysfunction, strenuous exercise, heat exposure, infection, postoperative state, polyuria, vomiting, and diarrhea)",
,C0513237,"Monitor for early compensatory responses to fluid loss: increased heart rate, decreased BP, orthostatic hypotension, decreased urinary output, narrowed pulse pressure, decreased capillary refill, apprehension, pale and cool skin, and diaphoresis",
,C0513379,"Monitor for signs and symptoms of carbonic acid deficit and respiratory alkalosis: frequent sighing and yawning, tetany, paresthesia, muscle twitching, palpitations, tingling and numbness, dizziness, blurred vision, diaphoresis, dry mouth, convulsions, pH level of >7.45, PaCO2 <35 mm Hg, associated hyperchloremia, and possible HCO3 deficit",
,C0811637,"Monitor for signs and symptoms of autonomic dysreflexia: paroxysmal hypertension, bradycardia, tachycardia, diaphoresis above the level of injury, facial flushing, pallor below the level of injury, headache, nasal congestion, engorgement of temporal and neck vessels, conjunctival congestion, chills without fever, pilomotor erection, and chest pain",
chest pain,C0008031,Chest Pain,
,C2926613,Chest pain:Finding:Point in time:^Patient:Ordinal,
,C0008035,Chest wall pain,
,C0151826,Retrosternal pain,
,C0742302,CHEST PAIN SITE ANTERIOR CHEST,
,C0742304,CHEST PAIN SITE LOWER CHEST,
,C0742305,CHEST PAIN SITE POSTERIOR CHEST,
,C0002962,Angina Pectoris,
,C0002965,"Angina, Unstable",
,C0008033,Pleuritic pain,
,C0029537,Other chest pain,
,C0152172,Angina decubitus,
,C0231644,Xiphodynia,
,C0232285,Dull chest pain,
,C0232286,Precordial pain,
,C0232288,Chest pain on exertion,
,C0232289,Radiating chest pain,
,C0232290,Crushing chest pain,
,C0232291,Pleuropericardial chest pain,
,C0232533,Esophageal chest pain,
,C0235716,Chest burning pain of,
,C0238994,"CHEST PAIN, NONPLEURITIC",
,C0238995,sharp chest pain,
,C0262384,Atypical chest pain,
,C0302355,Chest pain NEC in MDR,
delusional thoughts,C0011253,Delusions,
hallucinations,C0018524,Hallucinations,
,C0029226,"Hallucinations, Organic",
,C0233759,"Hallucinations, Elementary",
,C0233760,Functional hallucinations,
,C0233761,Extracampine hallucinations,
,C0233762,"Hallucinations, Auditory",
,C0233763,"Hallucinations, Visual",
,C0233765,"Hallucinations, Olfactory",
,C0233766,"Hallucinations, Gustatory",
,C0233767,"Hallucinations, Tactile",
,C0233773,"Hallucinations, Hypnagogic",
,C0233774,"Hallucinations, Somatic",
,C0235153,"Hallucinations, Sensory",
,C0242004,MUSHROOM HALLUCINOSIS,
,C0424068,Verbal auditory hallucinations,
,C0424070,Hallucinations of music,
,C0424076,Hallucinations of pain,
,C0424077,Hallucinations of temperature,
,C0424078,Hallucinations in several modalities at once,
,C0424081,Sexual hallucinations,
,C0424082,"Hallucinations, Hypnapompic",
,C0424083,"Hallucinations, Dissociative",
,C0478138,Other hallucinations,
,C0544668,"Hallucinations, Kinesthetic",
,C0563661,"Hallucinations, Reflex",
blindness,C0456909,Blindness,
,C0018975,Hemeralopia,
,C0028077,Night Blindness,
,C0242225,Color blindness,
,C0271265,Snow blindness,
,C0852384,Blindness (excl colour blindness),
,C1390015,"blindness; day blindness, sequelae",
,C1390023,word blindness, blindness
,C1533291,river blindness, blindness (manifestation)
,C0002018,Alexia,
,C0002419,Tobacco amblyopia,
,C0005754,Congenital blindness,
,C0029001,Onchocerciasis,
,C0029002,"Onchocerciasis, Ocular",
,C0149793,Amaurosis Fugax,
,C0154910,Recurrent iridocyclitis,
,C0155002,Sudden visual loss,
,C0155003,"Blindness, Transient",
,C0155320,"Blindness, Cortical",
,C0221473,"Blindness, Hysterical",
,C0234495,Musical alexia,
,C0234512,Prosopagnosia,
,C0266526,Norrie disease,
,C0271214,Central blindness,
,C0271215,"Blindness, Legal",
vomiting,C0042963,Vomiting,
,C1963281,Vomiting Adverse Event,
,C3898969,Have Been Vomiting,
,C4084766,How Much Distress Vomiting,
,C4084767,Bothered by Vomiting,
,C4084768,Usual Severity Vomiting,
,C4084769,How Often Vomiting,
,C0375548,No vomiting,
,C2129186,vomit containing blood at beginning of vomiting,
,C0014498,Epidemic vomiting syndrome,
,C0018926,Hematemesis,
,C0027498,Nausea and vomiting,
,C0042964,"Vomiting, Anticipatory",
,C0152164,Cyclical vomiting syndrome (disorder),
,C0152165,Persistent vomiting,
,C0152517,Enteritis due to specified virus,
,C0221151,Projectile vomiting,
,C0232597,Acute vomiting,
,C0232598,Chronic vomiting,
,C0232599,Vomiting bile,
,C0232601,Concealed vomiting,
,C0233757,Psychogenic vomiting,
,C0241706,Feculent vomiting,
,C0267172,Habit vomiting,
,C0269661,Vomiting of pregnancy,
hyperthermia,C0015967,Fever,
,C0203597,hyperthermia treatment,
,C0020548,Induced Hyperthermia,
,C0020549,"Hyperthermia, Local",
,C0024591,Malignant hyperpyrexia due to anesthesia,
,C0150611,Therapeutic heat application,
,C0181245,Hyperthermia Blankets,
,C0181252,"Ultrasound Therapy Systems, Hyperthermia",
,C0277799,Intermittent fever,
,C0410943,Hyperthermia in newborn,
,C0424788,Endocrine hyperthermia,
,C0858753,Hyperthermia sudden,
,C0864460,Hyperthermia NEC,
,C0943768,Hyperthermia:Find:Pt:^Patient:Ord:Observed.CCC,
,C1322848,"Microspheres, Embolization, Hyperthermia",
,C1387395,hyperthermia, history
,C1844631,Susceptible to hyperthermia,
,C2047574,hyperthermia induction,
,C2094505,radiation hyperthermia treatment,
,C2316873,Neurogenic hyperthermia,
,C2457713,Hyperthermia of Brain,
,C2457933,Hyperthermia of Thymus,
,C2457935,Hyperthermia of Spleen,
,C2457973,Hyperthermia of Eye,
,C2458249,Hyperthermia of Ear,
convulsions,C0036572,Seizures,
,C4048158,Convulsions,
,C0009952,Febrile Convulsions,
,C0013537,Eclampsia,
,C0014544,Epilepsy,
,C0014549,Tonic-Clonic Epilepsy,
,C0014556,"Epilepsy, Temporal Lobe",
,C0022333,Jacksonian Seizure,
,C0159020,Convulsions in the newborn,
,C0234533,Generalized seizures,
,C0234535,"Seizures, Clonic",
,C0234540,Uremic convulsion,
,C0234549,Stress seizure,
,C0234975,Convulsions aggravated,
,C0235097,Withdrawal seizures,
,C0270844,Tonic Seizures,
,C0349245,Dissociative convulsions,
,C0476204,convulsions, infantile
,C0490011,Other convulsions,
,C0595982,Febrile Convulsion Medications,
,C0751127,Concussive Convulsion,
,C0751494,Convulsive Seizures,
,C0751495,"Seizures, Focal",
,C0809992,Epilepsy, convulsions
,C0849771,pregnancy convulsions,
loss of consciousness,C0041657,Unconscious State,
,C1998154,No loss of consciousness,
,C0020617,Hypoglycemic coma,
,C0039070,Syncope,
,C0160121,Concussion with no loss of consciousness,
,C0160122,Concussion with less than 1 hour loss of consciousness,
,C0160123,Concussion with 1-24 hours loss of consciousness,
,C0160126,Concussion with loss of consciousness,
,C0234431,Brief loss of consciousness,
,C0234432,Moderate loss of consciousness,
,C0234433,Prolonged loss of consciousness,
,C0272988,Cerebellar contusion without open intracranial wound AND with no loss of consciousness,
,C0555699,O/E - loss of consciousness,
,C0840361,Loss of consciousness of unspecified duration,
,C0848041,history of loss of consciousness,
,C1264285,Intracranial injury with loss of consciousness,
,C2026450,cerebral contusion with no loss of consciousness,
,C2026464,laceration of cerebrum with no loss of consciousness,
,C2105408,fracture of skull with no loss of consciousness,
,C2126116,urinary incontinence with loss of consciousness,
,C2831932,Concussion without loss of consciousness,
,C3507666,cerebellar hemorrhage with no loss of consciousness,
,C3507667,cerebellar hemorrhage with loss of consciousness,
,C3507681,brainstem hemorrhage with no loss of consciousness,
,C3507682,brainstem hemorrhage with loss of consciousness,
nausea,C0027497,Nausea,
,C1963179,Nausea Adverse Event,
,C2984057,Have Nausea,
,C3829611,How Much Nausea During This Period,
,C4084796,How Often Nausea,
,C4085222,How Much Distress Nausea,
,C4085661,Usual Severity Nausea,
,C4085862,Bothered by Nausea,
,C4255480,Nausea:Presence or Threshold:Point in time:^Patient:Ordinal,
,C0423584,No nausea,
,C0026603,Motion Sickness,
,C0027498,Nausea and vomiting,
,C0240352,Morning nausea,
,C0306071,Emetrol,
,C0312416,Morning Sickness,
,C0375548,No vomiting,
,C0423583,Nausea present,
,C0520904,Postoperative Nausea,
,C0549280,Nausea aggravated,
,C0718572,Anti-Nausea,
,C0722001,Nausea Control,
,C0746779,chronic nausea,
,C0746780,NAUSEA EXERTIONAL,
,C0746781,NAUSEA INTRACTABLE,
,C0746782,Persistent nausea,
post-ictal,C0234543,Post-ictal state,
,C0340098,Neurogenic pulmonary edema,
,C0394018,Post-ictal coma,
,C0750919,"Aphasia, Post-Ictal",
,C0751053,"Confusion, Post-Ictal",
,C0751195,"Hemiplegia, Post-Ictal",
,C0751729,"Blindness, Cortical, Post-Ictal",
,C0751903,Post-Ictal Memory Loss,
,C1281906,Post-ictal drowsiness,
,C4536342,post-ictal headache,
hypotension,C0020649,Hypotension,
,C3163620,Hypotension Adverse Event,
,C0020650,"Hypotension, Controlled",
,C0020651,"Hypotension, Orthostatic",
,C0028841,Ocular Hypotension,
,C0155800,Chronic hypotension,
,C0239352,EXTREMITY HYPOTENSION,
,C0277885,Decreased systolic arterial pressure,
,C0277890,Decreased diastolic arterial pressure,
,C0340858,Drug-induced hypotension,
,C0348663,Other hypotension,
,C0348888,Idiopathic hypotension,
,C0375314,Iatrogenic hypotension,
,C0419075,Hypothermia with hypotension,
,C0428883,Diastolic blood pressure,
,C0455995,Neonatal hypotension,
,C0456892,Low intracranial pressure,
,C0524812,Intracranial Hypotension,
,C0679394,hypotension and shock,
,C0740481,Hypotension asymptomatic,
,C0745176,Acute hypotension,
,C0745177,HYPOTENSION PERSISTENT,
,C0856090,Hypotension aggravated,
,C0858763,Hypotension paroxysm,
,C0863113,Hypotension symptomatic,
pain chest wall,C0008035,Chest wall pain,
,C0476278,Anterior chest wall pain,
,C0742354,CHEST WALL PAIN MUSCULOSKELETAL,
,C0742355,CHEST WALL PAIN PLEURITIC,
,C1963056,Chest Wall Pain Adverse Event,
,C0742356,CHEST WALL PAIN SYNDROME CHRONIC,
,C1557431,CTCAE Grade 1 Chest Wall Pain,
,C1557432,CTCAE Grade 2 Chest Wall Pain,
,C1557433,CTCAE Grade 3 Chest Wall Pain,
,C1557434,CTCAE Grade 4 Chest Wall Pain,
,C2231402,anterior wall chest pain with respiration,
,C2073293,chest pain localizing to chest wall in center,
,C2073294,chest pain localizing to chest wall in center anteriorly,
,C2073295,chest pain localizing to chest wall in center posteriorly,
,C2073296,chest pain localizing to chest wall on left,
,C2073297,chest pain localizing to chest wall on left anteriorly,
,C2073298,chest pain localizing to chest wall on left laterally,
,C2073299,chest pain localizing to chest wall on left posteriorly,
,C2073300,chest pain localizing to chest wall on right,
,C2073301,chest pain localizing to right anterior chest wall,
,C2073302,chest pain localizing to chest wall on right laterally,
,C2073303,chest pain localizing to right posterior chest wall,
,C2073304,chest pain localizing to deep within chest wall,
shortness of breath,C0013404,Dyspnea,
,C2707305,Shortness of breath:-:Point in time:^Patient:-,
,C3274920,Have Shortness of Breath question,
,C4054349,No Shortness of Breath,
,C4084762,Usual Severity Shortness of Breath,
,C4084763,How Often Shortness of Breath,
,C4084764,How Much Distress Shortness of Breath,
,C0231807,Dyspnea on exertion,
,C0517527,SHORTNESS OF BREATH NOT PRESENT,
,C0574066,Increasing breathlessness,
,C0743330,Resting Dyspnea,
,C0748641,SHORTNESS OF BREATH ACUTE,
,C0748642,SHORTNESS OF BREATH CHRONIC,
,C0748643,SHORTNESS OF BREATH EPISODE,
,C0748644,SHORTNESS OF BREATH EXTREME,
,C0748646,shortness of breath intermittent,
,C0748647,SHORTNESS OF BREATH NEW ONSET,
,C0748648,SHORTNESS OF BREATH PROGRESSIVE,
,C0748649,shortness of breath rest,
,C0748650,SHORTNESS OF BREATH STABLE CHRONIC,
,C0946383,Shortness of breath with activity,
,C1275492,CLASP shortness of breath score,
,C1963100,Dyspnea Adverse Event,
,C3641530,PHQ-15 - Shortness of Breath,
,C3642233,Shortness of Breath at its Worst,
hypothermia,C0020672,"Hypothermia, natural",
,C0413252,Hypothermia due to exposure,
,C1963170,Hypothermia Adverse Event,
,C0017131,Gastric Hypothermia,
,C0020674,"Hypothermia, Induced",
,C0150255,Hypothermia treatment,
,C0179588,"Caps, Hypothermia",
,C0181261,"Cooling Units, Patient",
,C0270256,Hypothermia of newborn,
,C0274285,"Hypothermia, Accidental",
,C0413250,Immersion hypothermia,
,C0419075,Hypothermia with hypotension,
,C0424978,At risk hypothermia,
,C0444908,Deep hypothermia,
,C0445043,Mild hypothermia,
,C0445045,Moderate hypothermia,
,C0445200,Profound hypothermia,
,C0558520,O/E - hypothermia,
,C0582606,Hypothermia caused by anesthetic,
,C0597844,anesthetic hypothermia,
,C0864565,Hypothermia central,
,C0864566,Hypothermia local,
,C0919592,Hypothermia neonatal,
,C0943767,Hypothermia:Find:Pt:^Patient:Ord:Observed.CCC,
,C1301797,Induced hypothermia (finding),
paraphernalia,C0680329,drug paraphernalia,
,C1337622,INTRAPERITONEAL ADMIN.SETS-PARAPHERNALIA,
,C1337623,INFUSION SETS-PARAPHERNALIA,
,C3841868,Drug paraphernalia at scene,
,C3841869,Alcohol containers/paraphernalia at scene,
,C0776682,DIALYSIS (PERITONEAL) KITS MISCELL INTRAPERITONEAL ADMIN.SETS-PARAPHERNALIA,
,C0776984,HYPODERMOCLYSIS SET-NEEDLES MISCELL INFUSION SETS-PARAPHERNALIA,
,C0776989,INTRAVENOUS ADMINISTRATION SET MISCELL INFUSION SETS-PARAPHERNALIA,
,C0777003,INTRAVENOUS ADMINISTRATION EXTENSION SET MISCELL INFUSION SETS-PARAPHERNALIA,
,C0777007,INTRAVENOUS PIGGYBACK ADMINISTRATION SET MISCELL INFUSION SETS-PARAPHERNALIA,
,C0777008,INTRAVENOUS ADMINISTRATION EXTENSION SET WITH FILTER MISCELL INFUSION SETS-PARAPHERNALIA,
,C0777014,INTRAVENOUS CATHETER MISCELL INFUSION SETS-PARAPHERNALIA,
,C0777038,INTRAVENOUS CATHETER KIT MISCELL INFUSION SETS-PARAPHERNALIA,
,C0777053,INTRAVENOUS INFUSION PUMP ACCESSORY MISCELL INFUSION SETS-PARAPHERNALIA,
,C0777050,INTRAVENOUS (IV) INFUSION PUMP MISCELL INFUSION SETS-PARAPHERNALIA,
,C0777058,INTRAVEOUS ADMINISTRATION SET WITH FILTER MISCELL INFUSION SETS-PARAPHERNALIA,
,C2342218,INFUSION SET FOR INSULIN PUMP MISCELL INFUSION SETS-PARAPHERNALIA,
,C3645038,INFUSION SET WITH INSULIN PUMP BODY MISCELL INFUSION SETS-PARAPHERNALIA,
,C0776990,"INTRAVENOUS ADMINISTRATION SET 21 gauge X 3/4"" MISCELL INFUSION SETS-PARAPHERNALIA",
,C0776991,"INTRAVENOUS ADMINISTRATION SET 23 gauge X 3/4"" MISCELL INFUSION SETS-PARAPHERNALIA",
,C0776992,"INTRAVENOUS ADMINISTRATION SET 25 gauge X 3/4"" MISCELL INFUSION SETS-PARAPHERNALIA",
,C0777015,"INTRAVENOUS CATHETER 24 gauge X 3/4"" MISCELL INFUSION SETS-PARAPHERNALIA",
,C1876688,SUBCUTANEOUS ADMINISTRATION SET 10 mm X 100 cm SUB-Q INFUSION SETS-PARAPHERNALIA,
,C1876689,SUBCUTANEOUS ADMINISTRATION SET 10 mm X 110 cm SUB-Q INFUSION SETS-PARAPHERNALIA,
,C1876690,SUBCUTANEOUS ADMINISTRATION SET 10 mm X 50 cm SUB-Q INFUSION SETS-PARAPHERNALIA,
hypoglycemia,C0020615,Hypoglycemia,
,C0020617,Hypoglycemic coma,
,C0150254,Hypoglycemia management,
,C0158986,Neonatal hypoglycemia,
,C0238179,"HYPOGLYCEMIA, EXOGENOUS",
,C0270230,Hypoglycemia of piglets,
,C0271703,Factitious hypoglycemia,
,C0271707,Autoimmune hypoglycemia,
,C0271708,Fasting Hypoglycemia,
,C0271710,Reactive hypoglycemia,
,C0271711,Spontaneous hypoglycemia,
,C0271712,Hypoglycemia of childhood,
,C0271713,Ketotic hypoglycemia,
,C0271714,"Hypoglycemia, leucine-induced",
,C0271715,Mixed hypoglycemia,
,C0311196,Hypoglycemia diet,
,C0338545,Neuropathy associated with hypoglycemia,
,C0342315,Nocturnal hypoglycemia,
,C0342317,Loss of hypoglycemic warning,
,C0342320,Alimentary hypoglycemia,
,C0342321,Drug induced hypoglycemia,
,C0348452,Other hypoglycemia,
,C0513272,Monitor for hypoglycemia,
,C0549443,Hypoglycemia aggravated,
,C0596744,hypoketonemic hypoglycemia,
pin point pupils,C0235231,Pin point pupils,
hypoxemia,C0700292,Hypoxemia,
,C0745187,HYPOXEMIA ASYMPTOMATIC,
,C0745188,Chronic hypoxemia,
,C0745189,hypoxemia intraoperative,
,C1561822,Asphyxia and hypoxemia,
,C2316692,Neonatal hypoxemia,
,C3830149,Fetal Hypoxemia,
,C0272144,Erythrocytosis due to tissue hypoxemia,
,C1845984,Hypoxemia and cor pulmonale,
,C3531793,Sleep related hypoxemia,
,C3532949,Sleep related hypoventilation or hypoxemia,
,C3806173,Decreased sensitivity to hypercapnia and hypoxemia,
,C3806286,Decreased sensitivity to hypoxemia,
,C4075684,Hypoxemia during surgery,
,C1561867,Sleep related hypoventilation/hypoxemia in conditions classifiable elsewhere,
,C2013990,organic sleep-related hypoventilation or hypoxemia in other conditions,
,C2875256,Sleep related hypoxemia in conditions classified elsewhere,
,C0513271,"Monitor for hyperventilation resulting in respiratory alkalosis (e.g., hypoxemia, CNS injury, hypermetabolic states, GI distention, pain, and stress)",
,C0513792,"Monitor the patient for adverse effects of medication, including agitation, respiratory depression, hypotension, undue somnolence, hypoxemia, arrhythmias, apnea, or exacerbation of a preexisting condition",
,C0811646,"Monitor for signs of respiratory muscle fatigue (e.g., abrubt rise in PaCO2; rapid, shallow ventilation; paradoxical abdominal wall motion), hypoxemia, and tissue hypoxia while weaning is in process",
baseline neurological status,C1269820,Assessment of baseline neurological status,
,C0547357,Assess for changes in baseline neurological status.,
,C1532249,Neurological status is consistent with or improved from preoperative baseline,
,C2945829,Patient's neurological status is maintained at or improved from baseline levels,
malaise,C0231218,Malaise,
,C0700200,Presyncope,
,C0857027,Feeling Sick,
,C0024528,Malaise and fatigue,
,C0042420,Vasovagal syncope,
,C0205829,Malay Peninsula,
,C0276584,AIDS with malaise,
,C0850700,feeling of malaise,
,C1142479,Vaccination related malaise,
,C2732413,Postexertional fatigue,
,C2830453,Other malaise,
,C0439032,C/O - debility - malaise,
,C0695252,Other malaise and fatigue,
,C1096378,Near sudden infant death syndrome,
,C1556361,Fatigue Adverse Event,
,C1720231,Malaise associated with AIDS,
,C2219845,malaise worse in morning,
,C2219846,malaise worse in evening,
,C2232737,malaise started suddenly,
,C2721712,Post-exertional malaise,
,C2936229,Infantile Apparent Life-Threatening Event,
,C0513204,Monitor for change in energy level/malaise,
,C0858636,Pharynx ill sensation of,
,C0513099,"Monitor energy level, malaise, fatigue, and weakness",
,C0859235,Leg discomfort,
dizziness,C0012833,Dizziness,
,C0042571,Vertigo,
,C1963093,Dizziness Adverse Event,
,C4084788,Have Dizziness,
,C4085547,How Often Dizzy,
,C4085548,Usual Severity Dizziness,
,C4085549,How Much Distress Dizziness,
,C4032495,No Dizziness,
,C0234752,Psychogenic vertigo,
,C0234987,Postural dizziness,
,C0234988,Exertional dizziness,
,C0395923,Multisensory dizziness,
,C0427112,Dizziness present,
,C0476206,Dizziness and giddiness symptoms,
,C0476207,"giddiness, vertigo",
,C0497293,vertigo/dizziness,
,C0549239,Dizziness aggravated,
,C0743227,dizziness chronic,
,C0743229,dizziness intermittent,
,C0859887,Positional dizziness,
,C0919635,Postoperative dizziness,
,C1395855,epidemic, dizziness
,C1395856,hysterical, giddiness
,C1395857,syndrome, dizziness
,C1717785,Dizziness or vertigo,
dysrhythmia,C0003811,Cardiac Arrhythmia,
,C0085611,Atrial arrhythmia,
,C0085612,Ventricular arrhythmia,
,C0150191,Dysrhythmia management,
,C0232595,Abnormal gastric electrical activity,
,C0264886,Conduction disorder of the heart,
,C0455991,Fetal dysrhythmia,
,C0856486,Circadian dysrhythmia,
,C0948018,Arrhythmia prophylaxis,
,C1392243,cerebral, dysrhythmia
,C1394140,cortical, dysrhythmia
,C1533637,Neonatal dysrhythmia,
,C0513465,Monitor hemodynamic response to the dysrhythmia,
,C0513872,Note frequency and duration of dysrhythmia,
,C0561869,ECG automated dysrhythmia monitoring,
,C1391961,"dysrhythmia; cardiac, postoperative",
,C1395970,dysrhythmia, cerebral or cortical
,C2051746,stress electrocardiogram: dysrhythmia at peak stress,
,C2231284,non-reassuring dysrhythmia,
,C3844448,Cardiac dysrhythmia (irregular heartbeat),
,C4015474,Chronic atrial and intestinal dysrhythmia,
,C0547294,Follow protocol for the patient with cardiac dysrhythmia.,
,C2036292,termination of stress test due to dysrhythmia,
,C2231287,non-reassuring dysrhythmia with baby delivered,
,C2231288,non-reassuring dysrhythmia as antepartum condition,
decreased mental status,C0746541,MENTAL STATUS ALTERED RESPONSIVENESS DECREASED,
hypertension,C0020538,Hypertensive disease,
,C1963138,Hypertension Adverse Event,
,C2748577,No hypertension,
,C0810002,Hypertension with complications and secondary hypertension,
,C1391549,"c.pregnancy; hypertension, gestational hypertension",
,C1411597,"pregnancy; hypertension, gestational hypertension",
,C4546218,Diastolic hypertension and systolic hypertension,
,C0018036,"Hypertension, Goldblatt",
,C0020540,Malignant Hypertension,
,C0020541,"Hypertension, Portal",
,C0020542,Pulmonary Hypertension,
,C0020544,Renal hypertension,
,C0020545,"Hypertension, Renovascular",
,C0028840,Ocular Hypertension,
,C0085580,Essential Hypertension,
,C0151740,Intracranial Hypertension,
,C0152105,Hypertensive heart disease,
,C0152170,Transient hypertension,
,C0155616,Secondary hypertension,
,C0204946,Hypertension education,
,C0206586,Endolymphatic Hydrops,
,C0221154,Paroxysmal hypertension,
,C0221155,Systolic hypertension,
,C0235222,Diastolic hypertension,
,C0235750,Hypertension worsened,
chest pressure,C0438716,Chest pressure,
,C0232285,Dull chest pain,
,C0850018,pressure in chest and heart,
,C1142568,Chest pressure exertional,
,C1707376,Chest Tightness or Pressure,
,C2073391,chest tightness or heavy pressure,
,C3842521,Pain or pressure in chest,
,C0413308,Asphyxiation by sustained compression of chest,
,C2451809,Change Pressure Dressing on Chest Wall,
,C2452323,Removal of Pressure Dressing on Chest Wall,
,C2451810,Change Intermittent Pressure Device on Chest Wall,
,C2452045,Compression of Chest Wall using Pressure Dressing,
,C2452046,Compression of Chest Wall using Intermittent Pressure Device,
,C2452324,Removal of Intermittent Pressure Device on Chest Wall,
,C3263482,Did you have chest pain or pressure:Finding:Point in time:^Patient:Ordinal,
,C3263483,Did you have chest pain or pressure,
,C0802709,Carbon dioxide^during chest physiotherapy:PPres:Pt:BldC:Qn:Transcutaneous CO2 monitor,
,C0802710,Carbon dioxide^during chest physiotherapy:PPres:Pt:BldC:Qn,
,C0802715,Carbon dioxide^post chest physiotherapy:PPres:Pt:BldC:Qn:Transcutaneous CO2 monitor,
,C0802716,Carbon dioxide^post chest physiotherapy:PPres:Pt:BldC:Qn,
,C0802721,Carbon dioxide^pre chest physiotherapy:PPres:Pt:BldC:Qn:Transcutaneous CO2 monitor,
,C0802722,Carbon dioxide^pre chest physiotherapy:PPres:Pt:BldC:Qn,
,C0802814,Oxygen^during chest physiotherapy:PPres:Pt:BldC:Qn:Transcutaneous O2 monitor,
,C0802815,Oxygen^during chest physiotherapy:PPres:Pt:BldC:Qn,
,C0802837,Oxygen^post chest physiotherapy:PPres:Pt:BldC:Qn:Transcutaneous O2 monitor,
cool skin,C1997526,Cool skin,
,C2010775,generalized coolness of skin,
,C2370077,Soothe & Cool Skin Paste,
,C4060770,Skin cool to touch,
,C2230155,cool skin and pallor with feet elevated,
,C0509714,Cool the skin with water in cases of minor burns,
,C2230152,cool skin and pallor with feet in dependent position,
,C2230153,cool and blue skin with feet in dependent position,
,C2948195,Petrolatum 0.5 MG/MG / Zinc Oxide 0.1 MG/MG Paste [Soothe & Cool Skin Paste],
,C3474860,Soothe & Cool Skin Paste Paste Product,
,C3663561,Soothe and Cool Free Medseptic Skin Protectant,
,C0516464,"Warm or cool all irrigating, IV, and skin preparation solutions, as appropriate",
,C2702032,Lanolin 0.5 MG/MG Topical Ointment,
,C3193779,Barrier Skin Protectant Topical application Cream [SOOTHE & COOL INZO],
,C3474859,Petrolatum / Zinc Oxide Paste [Soothe & Cool Skin Paste],
,C0548326,"Flush exposed skin with copious amounts of cool water, use eyelid retractors if needed, and utilize appropriate neutralizing agent if indicated.",
,C0794042,Lidocaine 5 MG/ML Topical Lotion,
,C1735440,"Teach patient to report signs and symptoms of impaired circulation (e.g., tingling, absent peripheral pulse, cool skin temperature)",
,C3474858,Petrolatum 0.5 MG/MG / Zinc Oxide 0.1 MG/MG [Soothe & Cool Skin Paste],
,C2940362,Triclosan 4.6 MG/ML Medicated Liquid Soap,
,C0513237,"Monitor for early compensatory responses to fluid loss: increased heart rate, decreased BP, orthostatic hypotension, decreased urinary output, narrowed pulse pressure, decreased capillary refill, apprehension, pale and cool skin, and diaphoresis",
,C3535311,OCTINOXATE 75 mg in 1 mL / OXYBENZONE 60 mg in 1 mL / OCTISALATE 50 mg in 1 mL TOPICAL LOTION [Skin So Soft Bug Guard Plus IR3535 Cool N Fabulous Disappearing Color Insect Repellent Sunscreen],
,C4224432,OCTINOXATE 30 mg in 1 mL / TITANIUM DIOXIDE 31.6 mg in 1 mL TOPICAL EMULSION [LINGERIE DE PEAU NATURAL PERFECTION FOUNDATION SKIN-FUSION TEXTURE WITH SUNSCREEN BROAD SPECTRUM SPF 20 00N PORCELAINE PORCELAIN],
rebound tenderness,C0234246,Rebound tenderness,
,C0238569,Abdominal rebound tenderness,
,C0436944,O/E - rebound tenderness,
,C0436945,O/E - no rebound tenderness,
,C0558838,Rebound tenderness absent,
,C0578102,Rebound tenderness of epigastrium,
,C0578103,Rebound tenderness of right hypochondrium,
,C0578104,Rebound tenderness of left hypochondrium,
,C0578105,Rebound tenderness of central region,
,C0578106,Rebound tenderness of right lumbar,
,C0578107,Rebound tenderness of left lumbar,
,C0578108,Rebound tenderness of hypogastrium,
,C0740629,ABDOMEN SIGN REBOUND TENDERNESS,
,C2010786,generalized rebound abdominal tenderness,
,C2053955,rebound tenderness of periumbilical region,
,C2169877,referred rebound abdominal tenderness,
,C2729502,rebound tenderness of left lower quadrant of abdomen,
,C2729503,rebound tenderness of left upper quadrant of abdomen,
,C2729504,rebound tenderness of right upper quadrant of abdomen,
,C2729505,rebound tenderness of right lower quadrant of abdomen,
,C2910393,Periumbilic rebound abdominal tenderness,
,C2910394,epigastric rebound abdominal tenderness,
,C0578109,Rebound tenderness of right iliac fossa,
,C0578110,Rebound tenderness of left iliac fossa,
,C2910395,"Rebound abdominal tenderness, unspecified site",
bradycardia,C0428977,Bradycardia,
,C3812171,Bradycardia by ECG Finding,
,C0085610,Sinus bradycardia,
,C0221047,Bradycardia-tachycardia syndrome,
,C0232190,Vagal autonomic bradycardia,
,C0232191,Reflex bradycardia,
,C0410919,Fetal bradycardia,
,C0457251,Baseline bradycardia,
,C0513186,Monitor for bradycardia,
,C0741624,BRADYCARDIA ASYMPTOMATIC,
,C0741625,BRADYCARDIA EPISODE,
,C0741627,BRADYCARDIA SYMPTOMATIC,
,C0745499,Junctional bradycardia,
,C1112488,Neonatal bradycardia,
,C1390587,syncope, bradycardia
,C1698033,Nodal bradycardia,
,C1960144,ECG: bradycardia,
,C1963175,Sinus Bradycardia Adverse Event,
,C2108107,continuous electrocardiogram sinus bradycardia (finding),
,C2197024,bradycardia by auscultation,
,C2230138,Pulse slow (finding),
,C2910381,Sinoatrial bradycardia,
,C3274786,Bradycardia Arrest,
,C3553120,Bradycardia (rare),
,C3842025,Medical-bradycardia,
